Time (s),Position Error (m),X Error (m),Y Error (m),Theta Error (deg),Uncertainty X (m),Uncertainty Y (m),Uncertainty Theta (deg),Landmarks Mapped,Landmarks Detected,Loop Closures,Laps Completed
0.0,0.0,0.0,0.0,0.0,0.8660254037844386,0.8697715217228028,18.689317687953448,0,4,0,0
0.017,0.0,0.0,0.0,0.0,1.0,1.013126921959929,19.24319506426427,4,4,0,0
0.034,0.0,0.0,0.0,0.0,1.118033988749895,1.1448158367178538,19.781570132863568,4,4,0,0
0.051000000000000004,0.3810201110307831,-0.3750578711529471,-0.06714103287952611,3.0932733506199597,0.9698617254382966,1.1336646057842916,2.335111956510897,4,4,0,0
0.068,0.37969834230161614,-0.37531794343684055,-0.057508890451266836,3.0932733506199597,1.091160061250143,1.2358765402644363,5.144191723635046,4,4,0,0
0.085,0.46148393095151,-0.19195709376033676,-0.4196664064248452,2.8712878457209534,0.9691697735897388,1.1758321849085132,2.1156395611414647,4,4,0,0
0.10200000000000001,0.45346284773673273,-0.19218118533802908,-0.4107249034080809,2.8712878457209534,1.09054338402235,1.2745790738413911,5.048355315619337,4,4,0,0
0.11900000000000001,0.2571004208423706,-0.25131447009334806,0.05423710463348641,-3.6752259021245015,0.9695111081524178,1.0819662360637328,1.7169238567981893,4,4,0,0
0.136,0.25467349190137617,-0.25183889593211006,0.03789139708345601,-3.6752259021245015,1.0908592849208119,1.1892374818342364,4.8946693626963125,4,4,0,0
0.15300000000000002,0.19615592011530125,-0.15900415571701387,0.11486872272729443,1.7425779765338152,0.9692147136229572,1.0810918422976505,1.7142396647510945,4,4,0,0
0.17000000000000004,0.2008886360095898,-0.1591220834323508,0.12262302655676649,1.7425779765338152,1.090589287768652,1.1884549826452109,4.893728462867664,4,4,0,0
0.18700000000000006,0.35676164862595466,-0.16126579336371094,0.3182329615565962,-0.4455059939653253,0.9692151139615351,1.0559215479182145,1.5982139926661574,4,4,0,0
0.20400000000000007,0.35499766517469616,-0.16127350186296496,0.3162502171957229,-0.4455059939653253,1.0905852875648074,1.1661621086991192,4.854302072021174,4,4,0,0
0.22100000000000009,0.372656721947906,-0.07472879878527294,0.3650871663658819,-0.22782034727195427,0.9693060208969768,1.0156440470809498,1.3055699637445914,4,4,0,0
0.2380000000000001,0.37166384608906883,-0.07473081459420428,0.3640732341711015,-0.22782034727195427,1.0906665149907597,1.1308656946635949,4.765970370271642,4,4,0,0
0.2550000000000001,0.08423446046769975,-0.07347328113773699,0.04119613196817795,-1.1991255765601985,0.9691839097438864,1.0027537347512978,1.2003417214772063,4,4,0,0
0.27200000000000013,0.081807400491746,-0.07352912537972145,0.03585970574489039,-1.1991255765601985,1.0905574648282794,1.1196325373715152,4.738225499951857,4,4,0,0
0.28900000000000015,0.2444195749351743,-0.15287184136710152,0.19071216198376817,-0.00533104925307738,0.9691204088623105,1.001711046631142,1.1912060941197282,4,4,0,0
0.30600000000000016,0.24440106325318067,-0.15287184247090124,0.19068843567148264,-0.005331049253077381,1.0905018836719125,1.1187249503093024,4.735919403742334,4,4,0,0
0.3230000000000002,0.08601555583074652,-0.08265488306363977,0.02380853104683922,0.22234118362005095,0.9691482070625076,0.9976977722341598,1.1645884967515008,4,4,0,0
0.3400000000000002,0.08629653390172676,-0.08265680307677314,0.02479807792106925,0.22234118362005095,1.0905267705775374,1.1152261079057975,4.729294556996962,4,4,0,0
0.3570000000000002,0.11219254024309698,-0.1009308419224908,-0.048991134249128265,-0.20567966778881178,0.9690987591038952,0.9939495585786873,1.1397757245119973,4,4,0,0
0.3740000000000002,0.11259674979397212,-0.10093248495886087,-0.04990652807194351,-0.20567966778881175,1.0904825620067435,1.1119614394369024,4.72324563645191,4,4,0,0
0.39100000000000024,0.22992753956872164,-0.08329028248780901,-0.21431146095164166,1.2168065537980521,0.9690756644142624,0.9919848370639156,1.1317256256874633,4,4,0,0
0.40800000000000025,0.2264133911341255,-0.08333053469664264,-0.21052089129591423,1.2168065537980521,1.090462312779324,1.1104313820810954,4.7213095145216695,4,4,0,0
0.42500000000000027,0.37041875229794846,-0.07794337688470421,-0.3621255059420392,1.2635616191150927,0.9690928849825732,0.9891112545325059,1.1079763283806623,4,4,0,0
0.4420000000000003,0.3649366766862703,-0.0780053838061292,-0.3565023675771002,1.2635616191150927,1.0904773558454137,1.1077524622839163,4.715673036198233,4,4,0,0
0.4590000000000003,0.42335889349581896,-0.19228929284200547,-0.37717049269571135,-0.06534084941707635,0.9691309607665543,0.986516904340137,1.0848767730893905,4,4,0,0
0.4760000000000003,0.42361806778333966,-0.19228945866105107,-0.3774612979370602,-0.06534084941707635,1.0905112866491906,1.105504219754731,4.710299168085188,4,4,0,0
0.4930000000000003,0.2477897652691074,-0.19638202286670037,-0.15110879811216194,3.40293421145171,0.9691325720096199,0.9844952559724924,1.0625605221744459,4,4,0,0
0.5100000000000003,0.23923054382912054,-0.19683164156013788,-0.13597263688521366,3.40293421145171,1.090511752003908,1.1037584130163285,4.705209400585567,4,4,0,0
0.5270000000000004,0.5259402834618863,-0.09049840467098136,-0.5180957638506385,2.152435076441071,0.9692236572316417,0.9819501030762167,1.0379458923078047,4,4,0,0
0.5440000000000004,0.5165399629210145,-0.09067832240170048,-0.5085184118012407,2.152435076441071,1.0905923434667861,1.1015586348685487,4.699711939622875,4,4,0,0
0.5610000000000004,0.31637597910883014,-0.09003183153124894,-0.30329528428282515,1.5427499254026829,0.9691723702168843,0.981217652423525,1.0350921800106836,4,4,0,0
0.5780000000000004,0.3117906419816675,-0.09009653503353832,-0.2984895623004107,1.5427499254026829,1.0905475778372504,1.1010239198960194,4.69908251270335,4,4,0,0
0.5950000000000004,0.1131007185581346,-0.08925133829848164,-0.06946921008832874,2.165451887133941,0.9691427217557922,0.9802814500525527,1.0232293852388887,4,4,0,0
0.6120000000000004,0.10760317598062828,-0.0894334384475286,-0.05983396667922136,2.165451887133941,1.0905210251246253,1.1001175078675967,4.696483686215839,4,4,0,0
0.6290000000000004,0.40960174229101837,-0.1436091210146202,-0.3836013655466388,3.239750118283924,0.9691365645092778,0.9791324205761838,1.0132462595622764,4,4,0,0
0.6460000000000005,0.39628555308741,-0.1440166628838,-0.3691902495971533,3.239750118283924,1.0905154131437171,1.0991272617008838,4.694318760224119,4,4,0,0
0.6630000000000005,0.18873535923381055,-0.10449505245868806,-0.15716812602042296,1.1323250007110421,0.9691426596812082,0.9785154276394602,1.01173584260874,4,4,0,0
0.6800000000000005,0.18458829797398585,-0.10454484828886734,-0.152128940196107,1.1323250007110421,1.0905213331314827,1.0985924110049619,4.693992975633259,4,4,0,0
0.6970000000000005,0.20161500983318037,-0.12249971365166346,-0.1601325461775147,-1.3318084227209026,0.9691332290922108,0.9776685529391798,1.0051538754243576,4,4,0,0
0.7140000000000005,0.20639468899842534,-0.12256859932055875,-0.16605934513707155,-1.3318084227209026,1.0905135261484382,1.0978641883748315,4.692578710406014,4,4,0,0
0.7310000000000005,0.25281208584447745,-0.2017843584444705,-0.15230569075444578,-0.5229315004406351,0.9691343344532213,0.9771904529793212,1.0035269112350078,4,4,0,0
0.7480000000000006,0.2538027878742246,-0.20179179290659022,-0.15393481558202637,-0.5229315004406351,1.090514336140054,1.0975185183762293,4.692230482579478,4,4,0,0
0.7650000000000006,0.13001806821338824,-0.06682448342746738,-0.11153110093867724,0.6562594697600536,0.9691330998354761,0.976771846421965,0.9999579460047001,4,4,0,0
0.7820000000000006,0.12753027645260515,-0.06684121016870392,-0.1086104232348859,0.6562594697600536,1.0905130602569684,1.0970926982256275,4.6914684837322636,4,5,0,0
0.7990000000000006,0.07002638571915143,-0.038927868331484206,-0.058209241225547714,1.7407022598434136,0.9691539097167583,0.9760320669312217,0.9934363320766841,5,5,0,0
0.8160000000000006,0.06380514997980069,-0.03904554232741475,-0.05046328158476143,1.7407022598434139,1.0905313134778405,1.0964600563309985,4.690082769628393,5,5,0,0
0.8330000000000006,0.2735066297887514,-0.044680236452592226,-0.26983245358729846,3.5521789258279717,0.9266849330508045,0.9518322845453572,0.93987143535705,5,5,0,0
0.8500000000000006,0.25801793308449156,-0.04517014551790055,-0.2540332886593504,3.5521789258279717,1.0529699634823357,1.0747169318912662,4.679029702307443,5,5,0,0
0.8670000000000007,0.1312534882120263,-0.09814880649584268,0.08714522334165054,3.930776696681133,0.9266224407008922,0.9463566832193268,0.93373786485517,5,5,0,0
0.8840000000000007,0.14386748338862929,-0.09874866845210306,0.10462577720387145,3.930776696681133,1.0529152417445433,1.0699284599393317,4.6778015178435535,5,5,0,0
0.9010000000000007,0.08334432647043065,-0.07189031166635118,-0.042167046888828,0.5781785616024504,0.9266601009610606,0.9412025327177722,0.910403935921013,5,5,0,0
0.9180000000000007,0.08245557922622816,-0.07189939997867612,-0.04036581261710381,0.5781785616024504,1.0529478429443189,1.0655493199289818,4.673199756763629,5,5,0,0
0.9350000000000007,0.2422452808024906,-0.02897446534556991,0.24050625029095585,2.6782937372143065,0.9266187089697591,0.9398409374536373,0.9075212461408628,5,5,0,0
0.9520000000000007,0.2541112992806724,-0.029253014759277107,0.25242189593932807,2.6782937372143065,1.0529118543413034,1.0642750363020037,4.672639024392129,5,5,0,0
0.9690000000000007,0.1451952722112237,-0.1309239406701863,0.062774109566611,0.9559778309784805,0.9266185128673144,0.9383709805513063,0.8991275934265023,5,5,0,0
0.9860000000000008,0.1471162927347925,-0.13095943430585066,0.0670285771467718,0.9559778309784805,1.052911297960977,1.0630070635760862,4.671016063913299,5,5,0,0
1.0030000000000008,0.06387190726758246,-0.04369512403184217,-0.04658708698599412,3.7996393544493925,0.8543188050344065,0.863809837942407,0.8234684967481791,5,5,1,0
1.0200000000000007,0.053291551054189264,-0.0442556432471406,-0.029688843940832044,3.7996393544493925,0.9898798953719777,0.9978705479759563,4.65704423483521,5,5,1,0
1.0370000000000006,0.12921359456667686,-0.12921358091635682,-5.9393717300793014e-05,1.2274738288044225,0.9266071592777912,0.9363104357914471,0.8891380567722835,5,5,1,0
1.0540000000000005,0.12938496524013207,-0.12927209666851525,0.005403170653998757,1.2274738288044225,1.0529012349414963,1.0612318402965353,4.669103460416781,5,5,1,0
1.0710000000000004,0.1994478397500032,-0.11137051320450553,0.16545709283529675,3.9257717812802264,0.9266146374925578,0.9356899954450394,0.8897918157850184,5,5,1,0
1.0880000000000003,0.2099197545966934,-0.11178934837727184,0.1776779247946152,3.9257717812802264,1.0529081916309349,1.0607565187424164,4.669227999949581,5,5,1,0
1.1050000000000002,0.09444113275969761,-0.09341330364685518,0.013895404230005681,1.077656075674003,0.926618568782854,0.9351148598540416,0.8852116733106126,5,5,1,0
1.122,0.09530917894401028,-0.09345840737907452,0.018691326361398808,1.077656075674003,1.0529113629377436,1.060202053140531,4.668357349929473,5,5,1,0
1.139,0.14966044403754084,-0.10814656511362841,0.10345322113708022,2.31947237653313,0.9266059501935416,0.9346720820410417,0.8840693373869393,5,5,1,0
1.156,0.15711557206000334,-0.10835548703798281,0.11377342137996749,2.31947237653313,1.0529002393529792,1.0598234836491107,4.668140875485973,5,5,1,0
1.1729999999999998,0.14908975686344092,-0.08719146406444622,0.12093553735729756,2.6827533435135056,0.9266474014554098,0.9374745844754067,0.9497975941554769,5,4,1,0
1.1899999999999997,0.1590781905825416,-0.08747094170179537,0.13287100916609518,2.6827533435135056,1.0529364460342987,1.062267119840133,4.681033658278767,5,4,1,0
1.2069999999999996,0.4158968508489002,-0.1258818650729694,0.3963886307549487,3.021767081382701,0.9266595413262864,0.9365482671016568,0.9456947341694998,5,4,1,0
1.2239999999999995,0.4288322719327874,-0.12623642220341935,0.4098310422116853,3.0217670813827007,1.052947445474743,1.061471365046581,4.680202898412747,5,4,1,0
1.2409999999999994,0.15162301463600347,-0.050078633340362444,0.14311418186214553,1.304753481044963,0.9266502348817272,0.936549393574601,0.949655634050763,5,4,1,0
1.2579999999999993,0.15548012647632922,-0.05012491416839282,0.14717867613450863,1.304753481044963,1.0529390370783311,1.0615251906784864,4.68100485615637,5,4,1,0
1.2749999999999992,0.39803557981460636,-0.04119515107403515,0.3958980706271973,4.7193758002373185,0.9266612036886696,0.93561518024992,0.9438446483066075,5,4,1,0
1.2919999999999991,0.41899470476306894,-0.04205969783079411,0.41687833289567067,4.7193758002373185,1.0529490389612937,1.0606714012464822,4.679829415717221,5,4,1,0
1.308999999999999,0.19923348100836724,-0.12946113642541945,0.15143907722298877,1.2546580374249692,0.9266536764424126,0.9355613080534341,0.9474087749301916,5,4,1,0
1.325999999999999,0.20354880419190288,-0.12952227260718985,0.1570225989678633,1.2546580374249692,1.052942084853151,1.0606220491995852,4.680549543257703,5,4,1,0
1.3429999999999989,0.3467801598183161,-0.04034443721640457,0.34442532663744174,2.1634507905141986,0.9266736379661449,0.9345847755143287,0.9381731686343139,5,4,1,0
1.3599999999999988,0.35636351979249065,-0.0405262010030043,0.3540516703408656,2.163450790514199,1.052959832421788,1.0597919594248726,4.678688869162013,5,4,1,0
1.3769999999999987,0.2964672293404148,-0.15066289280233036,0.2553301995558215,2.0462043666850045,0.9266691179786587,0.934339233194909,0.9382828347310402,5,4,1,0
1.3939999999999986,0.30442444092394344,-0.15082549139216894,0.26443507970419944,2.0462043666850045,1.0529557519839736,1.0595824469632884,4.678710860699352,5,4,1,0
1.4109999999999985,0.47211268162938136,-0.06523321226745793,0.467584230029793,-0.5272942575723674,0.9266899296714284,0.933687511176572,0.9310927886498573,5,4,1,0
1.4279999999999984,0.4704868252066033,-0.06524077129587624,0.4659415139840064,-0.5272942575723674,1.052973949646804,1.0590618299799106,4.677274251222706,5,4,1,0
1.4449999999999983,0.47118259474053864,-0.0842132964536546,0.4635958997735372,4.865274545708404,0.9266990261034445,0.933387744878342,0.9265246784381401,5,4,1,0
1.4619999999999982,0.4926348072196189,-0.08513209151024625,0.4852232272669994,4.865274545708404,1.0529826868111527,1.058779845675949,4.676367032198185,5,4,1,0
1.478999999999998,0.6186205878210622,-0.1463402786543071,0.6010623549345411,2.2902361745916764,0.926718901411154,0.9330522718139255,0.9210699441844679,5,4,1,0
1.495999999999998,0.6285736271108483,-0.14654396768152367,0.6112525421095967,2.2902361745916764,1.0529999893540374,1.0584981958235582,4.675289347426012,5,4,1,0
1.512999999999998,0.6319495414274818,-0.08725713767995558,0.625896488913547,2.112941345386964,0.9267137408748615,0.9328596207265154,0.9199889934554428,5,4,1,0
1.5299999999999978,0.6412861202394187,-0.08743051432031734,0.6352981923297207,2.112941345386964,1.0529953410127981,1.0583374978095401,4.67507651147597,5,4,1,0
1.5469999999999977,0.36046282108135247,-0.061309737907336626,0.3552105874261926,3.436947333431575,0.9267095040173292,0.9326649929222067,0.918775459912149,5,4,1,0
1.5639999999999976,0.3756114961511581,-0.06176838689864894,0.37049785751182185,3.436947333431575,1.0529917082231366,1.0581762305309603,4.674837856633313,5,4,1,0
1.5809999999999975,0.36987788011657025,-0.06138975877706798,0.364747780962162,0.9795715695198001,0.9267190818882368,0.9324242765864674,0.9152028836415352,5,4,1,0
1.5979999999999974,0.37289181573198404,-0.06141584581231996,0.36779940201562766,0.9795715695198001,1.0529997606839272,1.0579900571894938,4.674137028190438,5,4,1,0
1.6149999999999973,0.5169436361752221,-0.039037147377882775,0.5154675781333466,1.7960791891914762,0.9267109269425586,0.9323569267885712,0.9156799595903724,5,4,1,0
1.6319999999999972,0.5249227962692208,-0.03916242696615768,0.5234598803702326,1.7960791891914762,1.0529927205961052,1.057922345451384,4.674230463773752,5,4,1,0
1.6489999999999971,0.5055583852796124,-0.04997343721102254,0.503082435093738,-0.5122746174298111,0.9267129673190722,0.9322496503737884,0.915891817202055,5,4,1,0
1.665999999999997,0.5032907198328744,-0.04998362940550294,0.5008025413886656,-0.5122746174298111,1.0529941992386669,1.0578346274761976,4.674271971215715,5,4,1,0
1.682999999999997,0.7716385455114759,-0.09012286166051808,0.7663575632334982,1.9476989675697498,0.9267327929299932,0.9321040307214302,0.913003982366629,5,4,1,0
1.6999999999999968,0.7802636577482011,-0.09027018337553727,0.775024302584086,1.9476989675697498,1.0530120958320028,1.057718908933545,4.673706977538545,5,4,1,0
1.7169999999999968,0.6092274568987428,-0.17728740534074916,0.5828612786477194,2.8079509776534275,0.9267272496094479,0.9320587263030832,0.9147670119107,5,4,1,0
1.7339999999999967,0.6212769472878927,-0.17759357139530607,0.5953533141172755,2.8079509776534275,1.0530073145903713,1.0576822195542326,4.674051703410564,5,4,1,0
1.7509999999999966,0.3564819761465808,-0.11691542735245264,0.3367642827919326,2.5520615351191362,0.926721939781474,0.9319945769115778,0.9148917903060297,5,4,1,0
1.7679999999999965,0.3640566856120768,-0.1170924681836425,0.34471237899662555,2.5520615351191367,1.0530024109820904,1.0576346445075375,4.674076125615044,5,4,1,0
1.7849999999999964,0.47545668580693434,-0.14060350180180592,0.4541912761817244,0.3581193003624435,0.926719292754964,0.931935004319348,0.9128201856778299,5,4,1,0
1.8019999999999963,0.47698093249924933,-0.14060848282954908,0.4557851078350694,0.3581193003624435,1.0529998778094523,1.0575874844601976,4.673671076515341,5,4,1,0
1.8189999999999962,0.6352085415784676,-0.05968308395559063,0.632398466778497,2.513697281253795,0.9267441649990041,0.9318869068835344,0.9095870357559087,5,4,1,0
1.835999999999996,0.6463664699169231,-0.059928453812489124,0.6435823131942868,2.513697281253795,1.0530221902672534,1.0575569316653468,4.673040682006779,5,4,1,0
1.852999999999996,0.4381456901781756,-0.0017120225422644353,0.4381423453633815,1.3573088939558482,0.9267491330312678,0.9318691731211725,0.9092612374706089,5,4,1,0
1.8699999999999959,0.4441861860678579,-0.0017835712837950268,0.44418260520532016,1.3573088939558482,1.0530263473521906,1.0575483391821119,4.6729772777151135,5,4,1,0
1.8869999999999958,0.5752455073183452,-0.18106538050730592,0.5460061553423046,1.380498230270893,0.9267501995653767,0.9318829807433,0.9075084458553555,5,4,1,0
1.9039999999999957,0.5811029618217292,-0.1811393948042479,0.5521495919476322,1.380498230270893,1.0530272852663871,1.0575697741865209,4.672636538334002,5,4,1,0
1.9209999999999956,0.5197042707869018,-0.1366755286907022,0.5014103398727059,2.6428440343923465,0.9267463657315759,0.9318810148090038,0.9091508359450619,5,4,1,0
1.9379999999999955,0.5276988277620076,-0.13686538674481596,0.5096409704219127,2.6428440343923465,1.05302395617703,1.0575622720100901,4.672955797198896,5,4,1,0
1.9549999999999954,0.5929269347804547,-0.1504495615978101,0.5735218212092477,1.4130210002284351,0.9267493870408124,0.9318892079991294,0.9089215232115236,5,4,1,0
1.9719999999999953,0.5990308833076753,-0.1505271041588827,0.5798099603058873,1.4130210002284351,1.05302655659633,1.0575846192315845,4.672911188481151,5,4,1,0
1.9889999999999952,0.6183058438291474,-0.21691050724336947,0.5790094544657265,1.3579178202218312,0.9267497491584945,0.9319368593524775,0.9090493430239333,5,4,1,0
2.0059999999999953,0.6239932522684639,-0.2169821201937765,0.5850524236278218,1.3579178202218312,1.0530268285488007,1.0576342517268857,4.672936052218927,5,4,1,0
2.0229999999999952,0.46665327095351256,-0.1170478397977206,0.45173562898038,2.6837529600857604,0.9267477399003143,0.9319834650044173,0.9092589633000971,5,4,1,0
2.039999999999995,0.4782894093842103,-0.11732752570723903,0.46367554479454043,2.6837529600857604,1.0530251802607231,1.0576820224146986,4.6729768352107985,5,4,1,0
2.056999999999995,0.67406227627081,-0.18521205371243354,0.6481176185315505,-0.7138815844955312,0.9267693413923189,0.9321187155922994,0.9062238629683158,5,4,1,0
2.073999999999995,0.6710134829720659,-0.18523184671401793,0.644940506785872,-0.7138815844955312,1.0530437632288268,1.0578127523920804,4.672387219600745,5,4,1,0
2.090999999999995,0.6459645485002157,-0.08493595599333048,0.6403562143827344,0.9705536068447089,0.9267804981315757,0.9321854640615537,0.9060319363180895,5,4,1,0
2.1079999999999948,0.6489653022868457,-0.08496156493499996,0.643379744828863,0.9705536068447089,1.0530538260620046,1.0578568195450009,4.672349998630611,5,4,1,0
2.1249999999999947,0.7332392681783657,-0.06727603082099165,0.7301463963313921,0.12190797300722316,0.926782940538103,0.9322988503987885,0.9062866049339053,6,5,1,0
2.1419999999999946,0.7337795961571716,-0.06727660802451396,0.7306889582779377,0.12190797300722316,1.0530558700357453,1.0579851248861352,4.672399389003234,6,5,1,0
2.1589999999999945,0.9827763166966722,-0.1821054389967287,0.9657571629284902,0.6068906640833206,0.8898873096011385,0.9067374910953778,0.862524822045148,6,5,1,0
2.1759999999999944,0.9854332842970885,-0.18211974379615015,0.968458133695087,0.6068906640833206,1.0207343629449495,1.0352873341468962,4.664108672481719,6,5,1,0
2.1929999999999943,0.8335327986379591,-0.1950734348248062,0.8103846502932299,2.196035126638453,0.8895577104713512,0.9012244248897302,0.8463969044534199,6,5,1,0
2.209999999999994,0.8430791546072185,-0.19526071435798542,0.8201559085696033,2.196035126638453,1.020446714476915,1.0305351489957255,4.661153114835802,6,5,1,0
2.226999999999994,0.776603928513766,-0.16700074779069496,0.7584355028744127,0.9353894499054585,0.8894639603908778,0.8988823894107547,0.8367055026930664,6,5,1,0
2.243999999999994,0.7806771726943493,-0.16703472910784,0.7625983525014419,0.9353894499054585,1.0203655219917562,1.028524588082872,4.659403045274364,6,5,1,0
2.260999999999994,0.8439374016340853,-0.1879289777601798,0.8227472498859569,3.303168579769931,0.8895091014220554,0.8974799845270357,0.8339429324947752,6,5,1,0
2.277999999999994,0.8540325735385363,-0.18822553200655534,0.8330322837475777,3.3031685797699306,1.0204043989020655,1.0273316819541614,4.658907753404563,6,5,1,0
2.2949999999999937,0.8891189361705967,-0.2026145275890201,0.8657250347928098,2.9008225461148878,0.8894137595705811,0.8968779780539758,0.8287116286061872,6,5,1,0
2.3119999999999936,0.9017625222470453,-0.20294127674469564,0.8786298906380239,2.9008225461148878,1.0203216051689792,1.0268100027251303,4.65797419523362,6,5,1,0
2.3289999999999935,0.9185090976035482,-0.14747500445297135,0.9065925686007361,-0.1587926278161039,0.8894160216943036,0.8963727278457476,0.8275203539686725,6,5,1,0
2.3459999999999934,0.9178117108888577,-0.14747598377452675,0.9058858486887118,-0.1587926278161039,1.0203239169590577,1.026381628436327,4.6577624001560665,6,5,1,0
2.3629999999999933,0.8356699084608515,-0.20101046695617697,0.8111343834908169,0.7338438822794795,0.8894043947174294,0.8960470655144877,0.8244253715505399,6,5,1,0
2.3799999999999932,0.8388453478955026,-0.2010313823640928,0.8144003321405933,0.7338438822794795,1.0203136967812794,1.02610744667578,4.657213526705793,6,5,1,0
2.396999999999993,1.0454200874169906,-0.26215504308117943,1.0120167451984443,0.7431039879921063,0.8894015049387424,0.8958268803563306,0.8218911023690768,6,5,1,0
2.413999999999993,1.04862726478698,-0.2621764896596659,1.01532390335516,0.7431039879921063,1.0203112119494753,1.0259252551636726,4.656765575399799,6,5,1,0
2.430999999999993,0.9283905002470252,-0.15301315319263153,0.9156942152809364,4.167534345033626,0.8893833036818519,0.8956571621591303,0.8198927702648372,6,5,1,0
2.447999999999993,0.9412645189815605,-0.1534851399892858,0.9286663590849287,4.167534345033626,1.0202952836893933,1.02577810118741,4.656413297250118,6,5,1,0
2.4649999999999928,1.0641948894291569,-0.126465810331851,1.0566537566791894,1.534600250863631,0.8893863299960132,0.8955747976018179,0.8166898864671418,6,5,1,0
2.4819999999999927,1.0709866677738886,-0.12655726997169836,1.063482816018542,1.534600250863631,1.020298059820833,1.025721232642441,4.655850406825039,6,5,1,0
2.4989999999999926,1.0496570439783688,-0.056086184726936494,1.0481575501117106,1.6841441350297666,0.8893973511490041,0.8955112618419815,0.8169040107425558,6,5,1,0
2.5159999999999925,1.0571466185721812,-0.05619633667063795,1.055651905176795,1.6841441350297663,1.020307663216734,1.0256751968957123,4.65588797146607,6,4,1,0
2.5329999999999924,0.9901767036205694,-0.2141849360576984,0.9667340469637224,1.717366595307601,0.889398550930566,0.8987056070343423,0.8973415040599885,6,4,1,0
2.5499999999999923,0.9976638901660364,-0.2142994763868984,0.9743761964259647,1.717366595307601,1.0203089185976528,1.0284198628096775,4.670672587003269,6,4,1,0
2.566999999999992,0.9578624176200846,-0.11295781510260383,0.9511787124911066,2.841156532250188,0.8893907578935342,0.898610152085374,0.8977259736863795,6,4,1,0
2.583999999999992,0.9704515424239705,-0.11327126364167128,0.9638183527128348,2.8411565322501886,1.0203022717707795,1.0283402448269239,4.670746467525969,6,4,1,0
2.600999999999992,1.1978961034608735,-0.14751451184828568,1.1887785931286388,-1.102171052306836,0.8893964252570503,0.898517965414149,0.8973299496748736,6,4,1,0
2.617999999999992,1.194492884637938,-0.1475475372088937,1.1853450871852687,-1.102171052306836,1.0203066759145203,1.0282639359651153,4.670670367159159,6,4,1,0
2.634999999999992,0.9480849246585805,-0.1883275916821887,0.9291919837019975,2.0141827839973008,0.8894072263280077,0.89833854770995,0.8923331497477346,6,4,1,0
2.6519999999999917,0.9569014572239593,-0.18848514151734008,0.9381544383866256,2.0141827839973008,1.0203164493691064,1.0281275198030784,4.66971295586933,6,4,1,0
2.6689999999999916,1.2927145080268048,-0.19745274943038993,1.277545776481361,1.3074189655621569,0.8894030430406079,0.898314575162949,0.8946336164612126,6,4,1,0
2.6859999999999915,1.2984749173580044,-0.19751913529814402,1.2833640567660254,1.3074189655621569,1.0203127892395423,1.0281063417218144,4.670153096824303,6,4,1,0
2.7029999999999914,1.0574981707889664,-0.16677850369882918,1.0442640048981815,3.1415413028789803,0.8894113308625625,0.8982663485833834,0.8921877243556934,6,4,1,0
2.7199999999999913,1.0713599815532056,-0.16716171795876988,1.058238711313642,3.1415413028789803,1.020320260142181,1.0280774279987963,4.669685168784524,6,4,1,0
2.736999999999991,0.9851126731847167,-0.17605067139930952,0.9692539089263406,3.0435142521149667,0.8894137673223312,0.8982644900631276,0.8912725732297331,6,4,1,0
2.753999999999991,0.9985001943862534,-0.17641034907055797,0.982792972568582,3.0435142521149667,1.0203222514983918,1.0280849088218538,4.669510406869944,6,4,1,0
2.770999999999991,1.0595060428428276,-0.1965747321009772,1.0411106711199807,2.894035456694962,0.8894087468333972,0.8982575680339356,0.8931920866780747,6,4,1,0
2.787999999999991,1.0684050708880168,-0.19680238769084468,1.0501229526576452,2.8940354566949624,1.0203178525381544,1.0280662699714747,4.6698771658127685,6,4,1,0
2.804999999999991,0.9664350629014458,-0.2071933416975611,0.943963796954904,2.0799074182863855,0.8894097863168999,0.8982684979604105,0.8929697353117032,6,4,1,0
2.8219999999999907,0.9755123697038147,-0.2073613401322305,0.9532185783248863,2.0799074182863855,1.020318788940016,1.0280948668638752,4.669834642496222,6,4,1,0
2.8389999999999906,1.3068125720217558,-0.04679369814419232,1.3059745205049396,-0.45385104812291904,0.8894186705456418,0.8983084593609142,0.8934911216771086,6,4,1,0
2.8559999999999905,1.3047942726654325,-0.04680169813217816,1.3039546368767816,-0.45385104812291893,1.0203261161317625,1.0281347366819156,4.669934370480059,6,4,1,0
2.8729999999999905,0.9742753655419373,-0.1560005046533064,0.9617049081967863,1.827546751562701,0.8894223058527693,0.8984749712675336,0.8899913898608617,6,4,1,0
2.8899999999999904,0.982324191660033,-0.15613021215371958,0.9698371896217282,1.827546751562701,1.0203296782508222,1.0282940013999966,4.669266035909887,6,4,1,0
2.9069999999999903,1.5097820866625407,-0.15959190369127185,1.5013235405745462,-1.5392483990999568,0.8894257699928894,0.8984154632329064,0.8920360418517186,6,4,1,0
2.92399999999999,1.50298067107503,-0.15968391818073968,1.4944738016772305,-1.5392483990999566,1.020332055788798,1.028240173917366,4.669656190774396,6,4,1,0
2.94099999999999,1.1801021842865296,-0.06859819759758778,1.1781067237921192,2.6255303487718695,0.889431363753299,0.8985952776539335,0.8885280395565374,6,4,1,0
2.95799999999999,1.1882760334374896,-0.06878557665409346,1.186283472061504,2.625530348771869,1.0203376348130282,1.0283853547989044,4.668987333154091,6,4,1,0
2.97499999999999,1.159961761799224,-0.21940005473629753,1.1390236629754753,1.4192715247394447,0.8894299872040805,0.8986053329772662,0.8889657295348978,6,4,1,0
2.99199999999999,1.166179036225824,-0.21947828480143983,1.1453396120946877,1.4192715247394447,1.0203363443871687,1.0284210337029207,4.669070647180515,6,4,1,0
3.0089999999999897,1.2052922577582528,-0.24204285036242368,1.180739041956528,0.28654478374422465,0.8894336474218352,0.8986377656231671,0.8891462205091712,6,4,1,0
3.0259999999999896,1.2065422334820888,-0.242046039322112,1.1820143298727075,0.28654478374422465,1.0203393252753703,1.02845263814933,4.669105015045272,6,4,1,0
3.0429999999999895,1.2098374729141337,-0.1529821107815934,1.200126320288021,2.8893289819375574,0.8894398974664295,0.8988191300067572,0.8870610236815565,6,4,1,0
3.0599999999999894,1.2226297513704159,-0.15330627634037342,1.212980088282876,2.8893289819375574,1.0203452922046254,1.0286195620357095,4.66870837596547,6,4,1,0
3.0769999999999893,1.4371064204439095,-0.1837327402957314,1.4253129985461186,2.5615719854238157,0.8894517275628541,0.898924559273426,0.8876182335765194,6,4,1,0
3.093999999999989,1.448442680114913,-0.18398754398388917,1.436709706669113,2.5615719854238157,1.0203556657012003,1.0287170884840051,4.668814278663552,6,4,1,0
3.110999999999989,1.3958403225992495,-0.17725689761530816,1.38453970634351,1.9776976027667241,0.8894574938198688,0.8990734660910571,0.8859456089315492,6,4,1,0
3.127999999999989,1.4019642372208785,-0.1773632236490741,1.390699827188861,1.9776976027667241,1.0203603961819363,1.0288218559030453,4.6684965740653865,6,4,1,0
3.144999999999989,1.4914304649331576,-0.18265642363562762,1.4802031828892197,1.2744332598287464,0.889464713750673,0.8992194304640735,0.8847999610012869,6,4,1,0
3.161999999999989,1.4970671409458445,-0.1827195021139829,1.4858746945980954,1.2744332598287464,1.020366664918165,1.0289868940156837,4.668279298741994,6,4,1,0
3.1789999999999887,1.311513041102272,-0.11427810115573322,1.3065247692170132,2.607258712680035,0.8894689521528468,0.8995182525368267,0.8833268426102363,6,4,1,0
3.1959999999999886,1.323091968323088,-0.11454207337969535,1.3181246033918583,2.607258712680035,1.0203705932045866,1.0292572864487057,4.668000316082994,6,4,1,0
3.2129999999999885,1.210340378403443,-0.14202365320519306,1.2019788323943317,2.516494928882155,0.8894727820301025,0.8997279281771574,0.8827562216494671,6,4,1,0
3.2299999999999884,1.2214886398652336,-0.14226956945245917,1.2131751179972454,2.516494928882155,1.0203738451453102,1.0294474590245328,4.667892370967437,6,4,1,0
3.2469999999999883,1.2803356490019868,-0.12223511113859331,1.274487328972036,1.1559524137807198,0.8894789481548525,0.8999871376588269,0.8810762042313485,6,4,1,0
3.2639999999999882,1.2854615011907895,-0.12228700668644876,1.2796316497489997,1.1559524137807198,1.0203789238004286,1.0296809063588148,4.667574950414603,6,4,1,0
3.280999999999988,1.5667679414686213,-0.11893332925015443,1.562247306160998,4.2833647128317915,0.889488913172164,0.90009276544441,0.8834258430933328,6,4,1,0
3.297999999999988,1.580099427257864,-0.11943190458697472,1.5755793284336264,4.2833647128317915,1.0203881316741374,1.0297360390181414,4.6680190509808694,6,4,1,0
3.314999999999988,1.4336928486514515,-0.15071467225372714,1.4257490213364221,-1.1708576225137686,0.8894939447301259,0.9004225129580676,0.8800741849221438,7,5,1,0
3.331999999999988,1.4285167991286776,-0.15076791469758888,1.420538377267782,-1.1708576225137686,1.020391597647771,1.0300723223885007,4.667385907661969,7,5,1,0
3.3489999999999878,1.6024057977502317,-0.09710457546679407,1.5994608598171354,3.2246549848817736,0.8565455169326471,0.8763569879165668,0.8423273078153687,7,5,1,0
3.3659999999999877,1.6167480109293801,-0.09750832942236798,1.6138049003945198,3.2246549848817736,0.9918038566100768,1.008866600994774,4.660415854145062,7,5,1,0
3.3829999999999876,1.3490589567296936,-0.12661035289036704,1.3431045704909153,2.1840245206230455,0.8564677757380831,0.8711488518354558,0.8274901191244124,7,5,1,0
3.3999999999999875,1.358751487260226,-0.12679558972582328,1.3528224135332607,2.1840245206230455,0.9917356952706394,1.004418388390439,4.657757028584005,7,5,1,0
3.4169999999999874,1.432262754256781,-0.09361247460946487,1.4292002315381538,1.8688007634084483,0.8563476836759024,0.8691062566622498,0.8192118037866696,7,5,1,0
3.4339999999999873,1.440569686194808,-0.0937481035668597,1.4375160221232406,1.8688007634084483,0.9916314795023858,1.002680618952754,4.6562934421639035,7,5,1,0
3.450999999999987,1.3622487905006522,-0.16933938877535581,1.3516826323622269,1.8810841913429583,0.8563950026322905,0.8679125305340811,0.8148391923468912,7,5,1,0
3.467999999999987,1.368074748185969,-0.16943558109927181,1.3575419332314027,1.8810841913429588,0.9916721714943841,1.0016579204978802,4.655526130252057,7,5,1,0
3.484999999999987,1.4149144235056037,-0.14473202892319392,1.407492616551849,0.5646464886171668,0.8563400870049585,0.8672976678322607,0.8125298021732761,7,5,1,0
3.501999999999987,1.4174154988162644,-0.14474441160373175,1.4100055856605849,0.5646464886171668,0.9916243325782083,1.0011494072849505,4.655122481685622,7,5,1,0
3.518999999999987,1.344375136222497,-0.28710020477270604,1.3133613285431878,1.0045233592314335,0.8563013723265593,0.8669896454904219,0.8070177479083723,7,5,1,0
3.5359999999999867,1.3487511778164285,-0.2871393946475109,1.3178318207201798,1.0045233592314335,0.9915909945097926,1.0008952981291133,4.654163543056288,7,5,1,0
3.5529999999999866,1.1099103361408198,-0.1419281909395309,1.1007985024012612,2.453956565347693,0.8562752197140665,0.8667777611973982,0.8014900861376171,7,5,1,0
3.5699999999999865,1.1207694251916875,-0.14216203819309214,1.1117167172176963,2.453956565347693,0.9915686971575665,1.0007228157582897,4.653208247892206,7,5,1,0
3.5869999999999864,1.451491170004923,-0.07212723671447918,1.4496979955584521,3.342515097305978,0.8562929601711672,0.8666507968736286,0.7996523512005002,7,5,1,0
3.6039999999999863,1.4663621167932468,-0.07256103566963645,1.4645657218673804,3.342515097305978,0.9915844442135192,1.0006214022165691,4.652892060090761,7,5,1,0
3.6209999999999862,1.4139878769592418,-0.1156315041596585,1.4092519545608155,0.41361681197471,0.8562876917602825,0.8666808811316755,0.7932242421490713,7,5,1,0
3.637999999999986,1.4152725209062065,-0.11563615527853699,1.4105405304437753,0.41361681197471,0.9915789261104193,1.000626149072737,4.6517916267184765,7,5,1,0
3.654999999999986,1.2962823519994418,-0.1892464797728195,1.2823937406268016,0.3096685905135985,0.8562814363410941,0.8666432064190155,0.7896277512239955,7,5,1,0
3.671999999999986,1.297646345558322,-0.1892502041887667,1.283771941723053,0.3096685905135985,0.9915735194176987,1.0006249249410186,4.651179702567751,7,5,1,0
3.688999999999986,1.2946296930529169,-0.09507049082409935,1.2911342470513105,0.8790582271721102,0.8562943737708124,0.8666300205001846,0.7889778271036906,7,5,1,0
3.7059999999999858,1.2985335336610313,-0.09510050259942915,1.2950464209624073,0.8790582271721102,0.9915848514754372,1.0006187262769413,4.651069409473097,7,5,1,0
3.7229999999999857,1.1828486565967533,-0.12344096480530453,1.1763899322166438,2.499000774746602,0.8562900123627422,0.8667287128615652,0.7868299517662982,7,5,1,0
3.7399999999999856,1.1939321088218704,-0.12368347435908333,1.1875084330842895,2.499000774746602,0.9915814508632408,1.000708683668139,4.65070553927807,7,5,1,0
3.7569999999999855,1.3868712593416477,-0.2341300079016122,1.3669656284588427,2.499695083707237,0.8562923338934122,0.8667853954942397,0.7860865626040144,7,5,1,0
3.7739999999999854,1.3978751433172563,-0.23437265220783843,1.3780872164711866,2.499695083707237,0.9915834452818134,1.0007621832479303,4.650579826643314,7,5,1,0
3.7909999999999853,1.496636075735659,-0.1689355562838344,1.4870710544612535,1.8058358568149022,0.8562901480874852,0.8667426121446249,0.7842812650899634,7,5,1,0
3.807999999999985,1.5046349211635162,-0.1690622005444169,1.4951067581720778,1.8058358568149022,0.991581384246768,1.000726124986124,4.650275017979719,7,5,1,0
3.824999999999985,1.3704897585761548,-0.15467767324134485,1.3617330853595249,2.0692535297273817,0.856287461635446,0.8669136042852149,0.7818959576353606,7,5,1,0
3.841999999999985,1.3796573686562275,-0.15484395519718674,1.3709404817227906,2.0692535297273817,0.9915790299187484,1.0008778228689228,4.649873323934931,7,5,1,0
3.858999999999985,1.4705996781177588,-0.15194335709384177,1.4627291716223851,4.693631804890732,0.8563185636229187,0.8697337232079162,0.8652363758805424,7,4,1,0
3.875999999999985,1.491443003022493,-0.15279850270554363,1.4835952442751008,4.693631804890732,0.99160565300108,1.003277041267059,4.664610876184857,7,4,1,0
3.8929999999999847,1.5390384177689207,-0.17337070828737922,1.5292422466295506,2.450916660428864,0.8563210985392655,0.8697094926400529,0.8656094734474683,7,4,1,0
3.9099999999999846,1.5499003036497492,-0.17360397661889948,1.5401469444685105,2.450916660428864,0.991607766879781,1.0032605965652224,4.6646800962763955,7,4,1,0
3.9269999999999845,1.3966220398937068,-0.13676178326595334,1.389909830512316,0.64384407652687,0.8563221549200584,0.869734086873837,0.8656372771728251,7,4,1,0
3.9439999999999844,1.3986193136208682,-0.1367730531591107,1.391915628320497,0.64384407652687,0.9916086163332415,1.0032630436981724,4.664685255803048,7,4,1,0
3.9609999999999843,1.4193569840713587,-0.26354614073052574,1.3946747577618908,-0.29473714438544846,0.8563245146727662,0.869783858334609,0.8647017112417157,7,4,1,0
3.977999999999984,1.418068694688239,-0.2635495146421718,1.3933630094798275,-0.29473714438544846,0.9916106409665368,1.003335072277472,4.664511731092496,7,4,1,0
3.994999999999984,1.3576720127378876,-0.2474843418525552,1.3349250146392322,2.029813261031304,0.8563284652708959,0.8698503897171382,0.8642038874372976,7,4,1,0
4.0119999999999845,1.3665826412744086,-0.24764434615767783,1.3439569908478006,2.029813261031304,0.9916141142644485,1.0033973334487365,4.6644194707527005,7,4,1,0
4.028999999999985,1.7500465978716602,-0.3186180416952311,1.7207979655463532,2.758412151031718,0.856347619632734,0.8700191345895053,0.862414417802235,7,4,1,0
4.045999999999985,1.7621681810831429,-0.31891350214147707,1.73306978410384,2.758412151031718,0.9916308575612492,1.0035520341504736,4.664088256895267,7,4,1,0
4.0629999999999855,1.53079861181194,-0.2627587035536507,1.5080789944933812,1.1901258887854804,0.8563423301103904,0.8699586664434277,0.8647256170259711,7,4,1,0
4.079999999999986,1.5360260657894198,-0.2628137127258867,1.5133753755059445,1.1901258887854804,0.9916261151029718,1.003500145677844,4.6645161627778835,7,4,1,0
4.096999999999986,1.684514216627186,-0.2678917297300245,1.6630761158652234,3.244205341059443,0.8563486615908937,0.8701477750947512,0.8634201600675547,7,4,1,0
4.113999999999987,1.6945333068204342,-0.2681777939860055,1.6731777546741995,3.244205341059443,0.991631675493335,1.0036401361037595,4.66427432864816,7,4,1,0
4.130999999999987,1.6669756567140328,-0.20144612830303288,1.654758984707108,1.3747763391932506,0.8563581583761236,0.8702576906735947,0.8630983374020667,7,4,1,0
4.147999999999987,1.673057801438279,-0.20151953035173875,1.6608769628844584,1.3747763391932506,0.991639831558921,1.003771815282141,4.664214765649344,7,4,1,0
4.164999999999988,1.4657932468174495,-0.060124431916811716,1.4645596249734325,2.5511900176738216,0.8563581298919635,0.8704289177996377,0.8632343022585047,7,4,1,0
4.181999999999988,1.4771446248041535,-0.060377174708996506,1.4759101732022728,2.5511900176738216,0.9916398708119161,1.003925088578667,4.664239927434147,7,4,1,0
4.198999999999988,1.6978880307434019,-0.2137257107100652,1.684382701621928,2.2260911055776336,0.8563649859864416,0.8706558289255848,0.8619792827599106,7,4,1,0
4.215999999999989,1.7077387208852277,-0.21391815106822776,1.6942876271324963,2.2260911055776336,0.991645784087219,1.0041283275559176,4.664007817744569,7,4,1,0
4.232999999999989,1.7918211764073175,-0.08184029914242785,1.789951198680562,1.9882875188943432,0.8563813360468411,0.87079960487529,0.8615332365210485,7,4,1,0
4.249999999999989,1.800666248631362,-0.08199382435566349,1.798798474462238,1.9882875188943432,0.9916599498005897,1.0042574624497846,4.663925402244937,7,4,1,0
4.26699999999999,1.6020285999814805,-0.17956924317994805,1.5919329514971423,2.9499941063807276,0.8563788441331798,0.8709690328249091,0.8619199617672816,7,4,1,0
4.28399999999999,1.6111838081388778,-0.17980578575178185,1.6011193406548685,2.949994106380727,0.9916577573374785,1.0043705438044896,4.663996854691057,7,4,1,0
4.30099999999999,1.7272468014378342,-0.1258436035635313,1.7226563500940557,0.3956567487113489,0.8563896423682975,0.8711977902695222,0.8604917241465492,7,4,1,0
4.317999999999991,1.7290034606754987,-0.12584968351832515,1.7244172419070125,0.3956567487113489,0.9916669311330968,1.0046132602880098,4.663733123518097,7,4,1,0
4.334999999999991,1.6631311598202225,-0.2840095616830425,1.6387018714938861,1.9324465618477693,0.8563839894112232,0.8713172846027296,0.8612040167936842,7,4,1,0
4.351999999999991,1.6716290399320592,-0.28415458530141535,1.647300767557752,1.9324465618477698,0.9916621695447788,1.00472081418323,4.663864599086978,7,4,1,0
4.368999999999992,1.4192527680312699,-0.17280734422843835,1.4086930259446646,1.9940767244405826,0.8563850444725175,0.8715353790323878,0.8610864470283583,7,4,1,0
4.385999999999992,1.428078878262091,-0.17296176467748126,1.4175660515467925,1.9940767244405826,0.991663047092265,1.0049153103944735,4.663842890721243,7,4,1,0
4.4029999999999925,1.7560981540759237,-0.1771663046810943,1.7471384682487283,0.9934017797414046,0.8564054514849458,0.8719981697516029,0.8588450921656748,7,4,1,0
4.419999999999993,1.760500513967166,-0.17720463160001287,1.751559470362956,0.9934017797414046,0.9916806469095122,1.0053240510522692,4.663429589091297,7,4,1,0
4.436999999999993,1.7059468396118818,-0.21958218660910234,1.6917559761696523,3.3177461201396627,0.8564051665080687,0.8721084750704892,0.8600685468724161,7,4,1,0
4.4539999999999935,1.7162300995060453,-0.21988136340404907,1.702086349301382,3.3177461201396627,0.9916805207896199,1.005376524331481,4.663655062865862,7,4,1,0
4.470999999999994,1.7506330633923264,-0.3378949846253505,1.717714499562554,3.187203798832946,0.8564001026323232,0.8721853722622867,0.8604300462969979,7,4,1,0
4.487999999999994,1.7646217863753113,-0.33828941703819737,1.7318921211410228,3.187203798832946,0.9916761954906571,1.0054928648976602,4.663721743912882,7,4,1,0
4.504999999999995,1.6685888584273392,-0.17024492673461822,1.6598811533929094,0.34291616669692354,0.8564091308894612,0.8724439422170379,0.8601588445171617,7,4,1,0
4.521999999999995,1.6701075367797222,-0.1702494938243504,1.6614073234041626,0.34291616669692354,0.9916837487537129,1.0057223695161905,4.663671716349282,7,4,1,0
4.538999999999995,1.5896653545834856,-0.1455034709626588,1.5829923182065215,1.6108865705982276,0.8564135002841005,0.8728721724629713,0.859922003142968,7,4,1,0
4.555999999999996,1.5968130346800373,-0.1456042490783176,1.5901607687194428,1.6108865705982276,0.9916876014007893,1.0061008710341868,4.663628039580835,7,4,1,0
4.572999999999996,1.6271589630010175,-0.22388439814604055,1.6116829921362736,0.597748335056725,0.8564215815887325,0.8732445158398651,0.8587813920317975,7,4,1,0
4.589999999999996,1.629795892647752,-0.22389827521451622,1.6143432763967667,0.597748335056725,0.9916945124410039,1.006429086438144,4.663417858113857,7,4,1,0
4.606999999999997,1.7362139194614756,-0.09191446037600315,1.733779255299119,1.2851849130128548,0.8564337989691441,0.8735753583102616,0.8584168918384933,7,4,1,0
4.623999999999997,1.7402142362060784,-0.09195936344120526,1.7377828009765182,1.2851849130128548,0.9917050956432979,1.0066670045513906,4.663350748149749,7,4,1,0
4.640999999999997,1.641788275338543,-0.13162254272298668,1.636503665527897,2.9311110713665482,0.8564280646171776,0.8738221967003874,0.8590069912513775,7,4,1,0
4.657999999999998,1.654812685639752,-0.1319561494150392,1.6495431486280694,2.9311110713665482,0.9917002368207248,1.0069402392563274,4.6634594081104535,7,5,1,0
4.674999999999998,1.8493615858413301,-0.19476482600416745,1.8390771973294449,0.3765538854550855,0.8564461537046958,0.8742272154656161,0.8574664567513457,8,5,1,0
4.691999999999998,1.851028728832136,-0.19477033303646607,1.8407530720688143,0.3765538854550855,0.991715726886665,1.007296319344243,4.663175888225627,8,5,1,0
4.708999999999999,1.7906017869607003,-0.11246734087733046,1.7870662709320086,0.726194144882462,0.8267647929005586,0.8513531648054562,0.8208571825295234,8,5,1,0
4.725999999999999,1.793828606920238,-0.11248782251090716,1.7902981765036117,0.726194144882462,0.9661985669707871,0.9872839690595627,4.6565832059768315,8,5,1,0
4.742999999999999,1.4942529587167104,-0.1787947980010074,1.483517551241448,1.4083553445730623,0.8267121386185312,0.8465404778289398,0.8051267823422902,8,5,1,0
4.76,1.500484679727586,-0.17887182935749024,1.4897849317131318,1.4083553445730623,0.9661534019340149,0.9832080657504614,4.653836028022475,8,5,1,0
4.777,1.809625008250824,-0.2026136485446628,1.79824647362652,-0.5245478161488407,0.8267160054694332,0.8445476942942528,0.7934395851514311,8,5,1,0
4.7940000000000005,1.8080019709665713,-0.2026211290354638,1.796612313518807,-0.5245478161488407,0.9661570589485158,0.9815072111348856,4.651828351880628,8,5,1,0
4.811000000000001,1.7240926282796587,-0.17173951326849846,1.7155176858518715,0.04115192366809405,0.8266668283841435,0.8435361041110996,0.7908998315439912,8,5,1,0
4.828000000000001,1.7242748743187648,-0.17173957904112314,1.7157008361593142,0.04115192366809405,0.966114919334541,0.9806763119067049,4.651395831748947,8,5,1,0
4.8450000000000015,1.85861147589383,-0.21171217274614662,1.8465141684361228,0.4374734894851398,0.826651163858827,0.8432106236099326,0.7880791685099943,8,5,1,0
4.862000000000002,1.8605466583921906,-0.21171960578307747,1.8484611644774702,0.4374734894851398,0.9661015029257723,0.9804097770718705,4.650917051067947,8,5,1,0
4.879000000000002,1.7051976037114795,-0.12754782627214567,1.7004206596359097,1.661085702810725,0.8266374693809985,0.8429444493063096,0.7866445289878712,8,5,1,0
4.896000000000003,1.712576744883915,-0.12765498278728415,1.7078124348085666,1.661085702810725,0.9660897676280501,0.9801905701019678,4.650674172102548,8,5,1,0
4.913000000000003,1.8069303321825687,-0.20005064467657974,1.7958220861003724,-1.4734972170093712,0.8266489823546178,0.8429276689616013,0.7853875834549907,8,5,1,0
4.930000000000003,1.8004229522357764,-0.20013496642894424,1.7892648775823758,-1.473497217009371,0.9660997104106598,0.9801866224852598,4.650461729368432,8,5,1,0
4.947000000000004,1.7655386900807057,-0.18527522824236797,1.7557904077570399,0.5617915439039566,0.8266488101027114,0.8428771577336897,0.7844167979291262,8,5,1,0
4.964000000000004,1.7672801201577368,-0.18528380868864147,1.7575405922318197,0.5617915439039566,0.9660994905478211,0.9801107394882258,4.65029787787283,8,5,1,0
4.981000000000004,1.5840899804135715,-0.1922992520554878,1.5723746575500286,-2.461515803976177,0.8266528217813471,0.8429007378577904,0.7835318426077666,8,5,1,0
4.998000000000005,1.5732484882632376,-0.19253454200575248,1.5614228306122584,-2.461515803976177,0.9661030816448631,0.9801785894067412,4.65014868455359,8,5,1,0
5.015000000000005,1.7377444491153504,-0.18880570202211544,1.7274571419618923,0.467042190207179,0.8266618233190286,0.8430287180126259,0.7804050076746686,8,5,1,0
5.032000000000005,1.739811668164161,-0.1888141738035678,1.7295357320538471,0.467042190207179,0.9661106074357381,0.9802945999727047,4.64962284664884,8,5,1,0
5.049000000000006,1.6930836738740793,-0.17393126968217487,1.6841259573338618,4.135526661428324,0.8266645998780042,0.8470245400694718,0.8632372199175895,8,4,1,0
5.066000000000006,1.7114445830826779,-0.17459522371771996,1.7025155120638402,4.135526661428324,0.9661134371508338,0.9836851022301009,4.664240467420844,8,4,1,0
5.083000000000006,1.7215823209463916,-0.22456869074214225,1.706872751828186,-0.9760039898213675,0.8266671072524538,0.8473632710672754,0.8609484495726109,8,4,1,0
5.100000000000007,1.7172807821973821,-0.2246056869835158,1.7025291687014104,-0.9760039898213675,0.9661150777898934,0.9839855234275747,4.663817414189437,8,4,1,0
5.117000000000007,1.8616101154008349,-0.14075348494339934,1.8562814113810973,2.597932128835794,0.8266687527415614,0.8473786815600485,0.8610041181520831,8,4,1,0
5.1340000000000074,1.8696917341183046,-0.14093694611117868,1.8643722691166502,2.597932128835794,0.9661167922854336,0.9839691775296703,4.6638276910226875,8,4,1,0
5.151000000000008,1.6403044024413955,-0.10238042054641383,1.6371062220141255,-0.4993042186872704,0.8266752839408137,0.8476679082328586,0.8581138509401446,8,4,1,0
5.168000000000008,1.638087176144273,-0.1023901031609391,1.6348840519813663,-0.4993042186872704,0.966122113450347,0.9842603256750291,4.663294974720181,8,4,1,0
5.1850000000000085,1.7167801843670296,-0.12012406835984635,1.712572453835449,3.5974418134022885,0.8266777806861672,0.8476664205447323,0.8574659501696502,8,4,1,0
5.202000000000009,1.7327764566256125,-0.1206265379667002,1.7285726733273847,3.5974418134022876,0.9661246658015891,0.9842624783983757,4.66317579507523,8,4,1,0
5.219000000000009,1.7012510351973398,-0.10710900823130132,1.6978759510387462,1.815048644909221,0.8266860892021426,0.8480093143654683,0.8540126087959604,8,4,1,0
5.2360000000000095,1.7093197949426973,-0.10723694787550286,1.7059526366207507,1.815048644909221,0.966131527419904,0.9845645956348329,4.662542029414603,8,4,1,0
5.25300000000001,1.6900812668357579,-0.15561394687705388,1.6829019543771722,1.5728851057845152,0.8266855313929412,0.8481720099526571,0.8534466409797679,8,4,1,0
5.27000000000001,1.6970598561961419,-0.15571002657863886,1.6899013412431358,1.5728851057845152,0.9661310623752928,0.9847086498368284,4.662438397349053,8,4,1,0
5.287000000000011,1.555762450847224,-0.13770679759878846,1.5496559751639225,0.3770209754976481,0.826686517812192,0.8483412376615941,0.8530155551898095,8,4,1,0
5.304000000000011,1.5569327533333643,-0.13771066209083926,1.550830542628276,0.3770209754976481,0.9661317964563912,0.9848167054635351,4.662359507531669,8,4,1,0
5.321000000000011,1.8291491879268742,-0.07082777662829898,1.827777387361884,-0.01654111676722573,0.826688551561106,0.8484026369808989,0.8522409078423359,8,4,1,0
5.338000000000012,1.8290756258303011,-0.07082778725490257,1.8277037696407703,-0.01654111676722573,0.9661335095017028,0.9849135462839358,4.662217841872588,8,4,1,0
5.355000000000012,1.7883096186041172,-0.10869958312194683,1.785002995129453,0.6455940193320754,0.8266940158039074,0.8487085172631381,0.8508036536852098,8,4,1,0
5.372000000000012,1.7911785101368438,-0.10871577060482451,1.7878762083538788,0.6455940193320753,0.9661382587234003,0.9851822654106707,4.6619553298159415,8,4,1,0
5.389000000000013,1.7014660767210679,-0.1617780965541158,1.6937575557640798,2.91733025277983,0.8266960469864922,0.8488590256935081,0.8507098878137815,8,4,1,0
5.406000000000013,1.714417170046631,-0.16210857434738912,1.7067357859591965,2.91733025277983,0.9661402958226487,0.9853154136487543,4.6619382185202,8,4,1,0
5.423000000000013,1.7827831980923337,-0.20234604604992512,1.7712628289015413,1.8775933605026927,0.8266997455405882,0.8490656337604208,0.8507975772068382,8,4,1,0
5.440000000000014,1.791099833776817,-0.20248295414762651,1.779617730816085,1.8775933605026927,0.9661433551401675,0.9854974795540646,4.66195422086663,8,4,1,0
5.457000000000014,1.5852943287934171,-0.14571985170799095,1.5785828561474915,1.4543542950026944,0.8267054582588675,0.8494454466969641,0.8496185322202998,8,4,1,0
5.474000000000014,1.5898109022938143,-0.14577735332756703,1.583113283473132,1.4543542950026944,0.9661480982003363,0.9857824650857736,4.661739191585833,8,4,1,0
5.491000000000015,1.6514196053126895,-0.1660645015269111,1.6430487802082254,2.4334923650783535,0.826706438002427,0.8494762766198937,0.8500513379361115,8,4,1,0
5.508000000000015,1.6622152907838756,-0.166294465397268,1.6538760000961261,2.4334923650783535,0.9661491634364265,0.9858585260925009,4.661818091389039,8,4,1,0
5.5250000000000155,1.6235414242528006,-0.17793685169070628,1.6137612069557292,0.8719559459212731,0.8267098930345388,0.8497691680055128,0.8492777583717692,8,4,1,0
5.542000000000016,1.6274019004263631,-0.17796638047891733,1.6176417752180399,0.871955945921273,0.9661518805735757,0.9861156062474066,4.661677096382818,8,4,1,0
5.559000000000016,1.7268085788902239,-0.17010207046632786,1.7184100656571886,1.728092793942491,0.8267161853864954,0.8499114899306018,0.8497243157809109,8,4,1,0
5.5760000000000165,1.7344725874205342,-0.1702180459295164,1.7260999314504417,1.728092793942491,0.9661574251551578,0.9862419880817807,4.661758472175977,8,4,1,0
5.593000000000017,1.7772075651989196,-0.17537087514559957,1.7685337955354257,-1.5904402849988253,0.8267236686567151,0.8501706096253913,0.8490285762600216,8,4,1,0
5.610000000000017,1.77017449208401,-0.17546911139400834,1.7614563075397243,-1.5904402849988253,0.9661633059358175,0.9864695041050119,4.661631706106916,8,4,1,0
5.6270000000000175,1.6411149768437703,-0.21491832913509512,1.6269814009455388,2.1448112796888585,0.8267294727604956,0.8506589338214714,0.8478008762773425,8,4,1,0
5.644000000000018,1.6477544035324538,-0.21504338106955956,1.6336618128054425,2.1448112796888585,0.9661687425660482,0.986842090556486,4.661408259945892,8,4,1,0
5.661000000000018,1.747813545462521,-0.12085964490261247,1.7436298735500841,0.5066298871001025,0.8267351860581721,0.850919258327689,0.8473686608300508,8,4,1,0
5.678000000000019,1.7500636160455636,-0.12086961372142113,1.7458846458701984,0.5066298871001025,0.9661734889979458,0.9871233435280736,4.66132966946472,8,4,1,0
5.695000000000019,1.7643433087759206,-0.02435706441536567,1.7641751740219647,0.4583724488193807,0.8267446105074585,0.851233745858206,0.8471761520695533,8,4,1,0
5.712000000000019,1.7663832330269946,-0.024365224593044132,1.7662151799113914,0.4583724488193807,0.9661815548623904,0.987399477762736,4.661294677738207,8,4,1,0
5.72900000000002,1.5386612539301177,-0.20954973766074048,1.524325215232011,1.8254027566638322,0.8267528360051943,0.8517708063243835,0.8455065830622032,8,4,1,0
5.74600000000002,1.5467262494208727,-0.20967914103149,1.5324479594635037,1.8254027566638327,0.9661887799300731,0.9878669982630821,4.6609915277842635,8,4,1,0
5.76300000000002,1.6841490126636158,-0.11861043898188939,1.6799671010529806,1.0256931540199306,0.8267581096718901,0.8518986426717224,0.8461497355841703,8,4,1,0
5.780000000000021,1.688705274457564,-0.11865129802911767,1.6845317965110667,1.0256931540199306,0.9661931937263517,0.9879803557707253,4.661108238938925,8,4,1,0
5.797000000000021,1.8309815366801725,-0.09249733655643055,1.828643658669904,1.1347752928879224,0.826769628050607,0.8521928969424283,0.8460759432125106,8,4,1,0
5.814000000000021,1.8345138593685557,-0.09253234465365878,1.8321787209244107,1.1347752928879224,0.966203036815101,0.9881788820013996,4.6610948436776205,8,4,1,0
5.831000000000022,1.754307904654752,-0.10858458126255854,1.7509442061488372,1.1061618739851973,0.8267717766419052,0.8526232848506049,0.8442546816659142,8,4,1,0
5.848000000000022,1.7592241926675318,-0.10863210261604905,1.7558669728507184,1.1061618739851973,0.9662048953313216,0.9886123704217025,4.660764594740865,8,4,1,0
5.865000000000022,1.8591744557200107,-0.2352816296817899,1.8442267245477382,0.9959777619513457,0.8267802843538957,0.8529058217788675,0.8445658103409557,8,4,1,0
5.882000000000023,1.8635762326342007,-0.23532015562386022,1.848659189573958,0.9959777619513455,0.9662121868217661,0.9888602034931535,4.660820962885405,8,4,1,0
5.899000000000023,1.8967680834574014,-0.13217841365105798,1.8921569779982192,2.161421500376973,0.8267868437533072,0.8532777585752721,0.8437796083959621,8,4,1,0
5.9160000000000235,1.9063747274738811,-0.13235983665362738,1.9017742965957183,2.161421500376973,0.9662179967869813,0.9891842264468661,4.660678563001316,8,4,1,0
5.933000000000024,1.9183593331015765,-0.22850974325354478,1.9047009812923719,-0.03026006120263045,0.8267942102731503,0.8537204379694532,0.8434151711402934,8,4,1,0
5.950000000000024,1.9182256211590059,-0.22850977881704715,1.904566306185174,-0.03026006120263045,0.9662239161878887,0.9895710516918726,4.660612598251948,8,4,1,0
5.9670000000000245,1.8507535359643352,-0.15216874963639881,1.844487279034091,0.26286993088651683,0.8267994097515247,0.8540337537047485,0.8428724642853067,8,4,1,0
5.984000000000025,1.8515698642605158,-0.15217062827836614,1.8453062244860803,0.26286993088651683,0.9662283995509879,0.9897793660210717,4.660514417006512,8,4,1,0
6.001000000000025,1.8762308182412277,-0.129896566470169,1.8717288706801014,3.5525622791941185,0.8268057936410859,0.8543878055516564,0.8427795855435062,9,5,1,0
6.0180000000000256,1.8920277942488253,-0.13038658124989766,1.887529738478321,3.5525622791941185,0.9662344309525878,0.9901533240970731,4.660497620413945,9,5,1,0
6.035000000000026,2.431472887571857,-0.14347164667241685,2.427236348112423,0.4696676307408278,0.7999672046580332,0.832747079089911,0.8058057594326115,9,5,1,0
6.052000000000026,2.433560028217689,-0.14348021396793875,2.4293266225723116,0.4696676307408279,0.9433704465136216,0.9713234989064428,4.653953541024011,9,5,1,0
6.069000000000027,2.186084517993517,-0.11722803542008897,2.182939098445601,0.3036586833317786,0.8000401664957028,0.8257172308049072,0.7569150236187955,9,5,1,0
6.086000000000027,2.18743422044915,-0.11723161667564241,2.184290552294634,0.3036586833317786,0.9434322612705411,0.9654363957562079,4.645737938482433,9,5,1,0
6.103000000000027,2.295639328759358,-0.06426767441314851,2.2947395481344373,3.117137039701536,0.737476274692099,0.761060111186303,0.6972078269097445,9,5,2,0
6.120000000000028,2.3095107111943367,-0.06464495945660609,2.30860580315008,3.117137039701536,0.8909949948929959,0.9107338803831615,4.636384301800205,9,5,2,0
6.137000000000028,2.210437447905182,-0.10083331003282048,2.208136398569934,2.6732015271328584,0.7998975621081684,0.8251984469358556,0.7552122018454548,9,5,2,0
6.154000000000028,2.218762755027778,-0.10102755401758223,2.216461503484254,2.6732015271328584,0.9433115222500492,0.9649552152054468,4.645460807055789,9,5,2,0
6.171000000000029,2.267193468266253,-0.1471542645583277,2.2624128369887444,1.616736745778227,0.7998963168140099,0.8248723205771574,0.7552496355461004,9,5,2,0
6.188000000000029,2.274379392904566,-0.14725577593603667,2.2696073139030943,1.616736745778227,0.9433104475760529,0.9647228810560317,4.645466892796426,9,5,2,0
6.205000000000029,2.305772726698092,-0.07140909400541062,2.3046667022539467,0.058630343955654175,0.7999022490521959,0.8247452979809008,0.7553205660558928,9,5,2,0
6.22200000000003,2.306033545233085,-0.071409227514172,2.3049276418070264,0.058630343955654175,0.9433152319763082,0.9646185209839945,4.645478425047538,9,5,2,0
6.23900000000003,2.211942528713454,-0.07324856509724142,2.2107293814581794,0.7606987152931692,0.799898903250759,0.8248433243002212,0.7544832590139782,9,5,2,0
6.25600000000003,2.215326876318712,-0.07327103927989143,2.214114839781999,0.7606987152931692,0.943312494392301,0.9647058824000158,4.645342358557388,9,5,2,0
6.273000000000031,2.361569269345851,-0.09051699717006301,2.3598339109229727,3.5732017335969113,0.7999059443363,0.8248115468619411,0.7548387203998208,9,5,2,0
6.290000000000031,2.377469142359684,-0.09101272035294805,2.375726458918713,3.5732017335969117,0.9433189779541583,0.9646826879249646,4.645400104823049,9,5,2,0
6.3070000000000315,2.347529735341196,-0.09657447369826144,2.345542416870991,1.7416978901569191,0.7999085524197589,0.8248474986902948,0.7540654591505355,9,5,2,0
6.324000000000032,2.3529538114166177,-0.09665693974357659,2.3509676889866853,1.7416978901569191,0.9433207673263062,0.964667335915556,4.6452745189879865,9,5,2,0
6.341000000000032,2.4068618043994876,-0.20854563964363848,2.3978099302619427,1.1333197811653188,0.7999104064758873,0.8248834606183845,0.7539424142468993,9,5,2,0
6.3580000000000325,2.4118908016966,-0.20859552300357898,2.4028535425804733,1.1333197811653188,0.9433223250337881,0.9647496313849779,4.645254546747208,9,5,2,0
6.375000000000033,2.2670769264865016,-0.13394350835451263,2.263116640205972,1.8265229744314138,0.7999166686098861,0.8250279733731465,0.7534070828538315,9,5,2,0
6.392000000000033,2.2751981375954133,-0.13407307058571583,2.2712443675354166,1.8265229744314138,0.9433277268634124,0.9648758843644681,4.64516769046818,9,4,2,0
6.409000000000034,2.3249110646945335,-0.1345605863739383,2.321013767157311,0.40069822567694824,0.7999450043300672,0.8293361730413447,0.8390019143457986,9,4,2,0
6.426000000000034,2.32669176701916,-0.1345668222573746,2.322797095973364,0.40069822567694824,0.9433514701608194,0.9685179938581046,4.6598159676484086,9,4,2,0
6.443000000000034,2.4407461827004755,-0.14114911304558042,2.43666141600621,-2.7640202057293966,0.7999514380051039,0.8294478781240029,0.8385032456075984,9,4,2,0
6.460000000000035,2.428487378483067,-0.14144577586545637,2.424364667277054,-2.7640202057293966,0.943356950879572,0.9686184657903125,4.659726207940724,9,4,2,0
6.477000000000035,2.2180650294886624,-0.13673278969614877,2.213846566332556,0.004099719596745663,0.7999488528179882,0.8294228559966779,0.8391999050495438,9,4,2,0
6.494000000000035,2.218077777544277,-0.13673279015310058,2.2138593386511047,0.004099719596745663,0.9433547408290684,0.9685597251226181,4.659851620031514,9,4,2,0
6.511000000000036,2.594327007401596,-0.09360119675684064,2.5926379302361156,0.9270035510593478,0.799959251076928,0.8297132093041825,0.8376148903656807,9,4,2,0
6.528000000000036,2.598451060472191,-0.09363457152379162,2.596763462598126,0.9270035510593478,0.9433635738156365,0.9688534923822795,4.659566433117729,9,4,2,0
6.545000000000036,2.4597008695913574,-0.09839549545555304,2.457732022483846,0.8256603445354115,0.799968259188403,0.8298289206510915,0.8375881823370592,9,4,2,0
6.562000000000037,2.463373538574275,-0.09842197193624624,2.4614065706396673,0.8256603445354115,0.9433712149715084,0.9689563434869157,4.659561632092214,9,4,2,0
6.579000000000037,2.542131001794669,-0.034464854606166995,2.541897363011053,0.6896729365506336,0.7999789980981226,0.8301514913132924,0.8365339144488945,9,4,2,0
6.596000000000037,2.5452003473273432,-0.03448332797258491,2.5449667400826996,0.6896729365506336,0.9433803297413487,0.9692382759988803,4.659372235623416,9,4,2,0
6.613000000000038,2.5445765153050126,-0.15311401430240146,2.5399656967892312,0.6884481813476776,0.7999790796029259,0.8303040970249954,0.8365807826567441,9,4,2,0
6.630000000000038,2.5476360030530683,-0.15313242211603662,2.5430296233723055,0.6884481813476776,0.9433803928307117,0.9693722391033971,4.659380650471233,9,4,2,0
6.647000000000038,2.5762052875163888,-0.09379979495053625,2.574497093005668,3.5221963121790196,0.7999810369892973,0.8304124847104715,0.8366861170968493,9,4,2,0
6.664000000000039,2.587176478646282,-0.09413696834919083,2.5854632781864453,3.52219631217902,0.943382105428727,0.9694221844434023,4.659399564173238,9,4,2,0
6.681000000000039,2.614863940446571,-0.04152338319425297,2.614534229207159,2.824422312020901,0.7999898783079717,0.8307055087249282,0.8362246787399402,9,4,2,0
6.6980000000000395,2.627432531509788,-0.04183315097132123,2.627099483292504,2.8244223120209013,0.9433896269723211,0.9697226592434142,4.659316726024201,9,4,2,0
6.71500000000004,2.233260315071106,-0.12971280946924768,2.2294901259999094,-3.3241099465487487,0.7999811389450906,0.8306434152862107,0.8372927223536698,9,4,2,0
6.73200000000004,2.218524618345115,-0.13014184559184727,2.2147041748796354,-3.3241099465487487,0.9433821555363765,0.9696721549542092,4.65950853019732,9,4,2,0
6.7490000000000405,2.2111148486948338,-0.017198966563859663,2.2110479573423802,2.0749568856943634,0.7999982852598327,0.8313767566022189,0.8348485939780741,9,4,2,0
6.766000000000041,2.2203486350419355,-0.0173661663080118,2.2202807204045953,2.0749568856943634,0.9433966677269544,0.9703056372597056,4.6590699517116425,9,4,2,0
6.783000000000041,2.4720967863335597,-0.017084666045372288,2.4720377495472903,0.7430673374007102,0.8000067153185447,0.8317047870714285,0.8343056038187926,9,4,2,0
6.800000000000042,2.47540385061518,-0.01710611050841182,2.4753447446009886,0.7430673374007102,0.9434038230451107,0.9705913677025783,4.658972685114026,9,4,2,0
6.817000000000042,2.597989433013421,-0.09645581072216824,2.5961982533364676,0.03655446178322931,0.8000092707223725,0.831779072906905,0.8348547958496594,9,4,2,0
6.834000000000042,2.5981032380769387,-0.09645584705035581,2.596312135563764,0.03655446178322931,0.9434059754024411,0.9706068687097089,4.659071063015496,9,4,2,0
6.851000000000043,2.4790553630443086,-0.17132405556580554,2.4731282944932786,2.481260084299597,0.8000140035177796,0.8319387572559129,0.8344804625978134,9,4,2,0
6.868000000000043,2.4900851654260854,-0.17156313467191486,2.4841679133860097,2.4812600842995973,0.9434100684445451,0.9707967660327772,4.659004001128634,9,4,2,0
6.885000000000043,2.734332440719465,-0.03850102666195676,2.734061368608401,2.013243314629623,0.8000253489632477,0.832344666817694,0.8340465375393785,9,4,2,0
6.902000000000044,2.7432920452062066,-0.038658429575482156,2.7430196446825548,2.013243314629623,0.9434197008757812,0.9711489841520963,4.65892629978803,9,4,2,0
6.919000000000044,2.428819433900807,-0.08932690458286796,2.4271762495978493,2.2894560863496833,0.8000186228891151,0.8324170485574582,0.8352723664295333,9,4,2,0
6.936000000000044,2.4390067524778734,-0.08953045489320255,2.4373629676926,2.2894560863496833,0.9434139337707149,0.9712146042725214,4.659145905227261,9,4,2,0
6.953000000000045,2.5770333303640136,-0.05124501928019609,2.5765237693074,0.45702800161410395,0.8000323102227808,0.8330197793564086,0.8334954072659462,9,4,2,0
6.970000000000045,2.5790671121906037,-0.05125313165927725,2.5785577918050038,0.45702800161410395,0.9434255242084192,0.9717353482817064,4.6588276673438545,9,4,2,0
6.987000000000045,2.4329841627354822,-0.0800743453820143,2.4316661027643818,2.9959745423133195,0.8000369636227168,0.8332547581643758,0.8335077727895249,9,4,2,0
7.004000000000046,2.4423165833616842,-0.08031831752502627,2.4409955471555946,2.99597454231332,0.9434295096071451,0.9718836310856083,4.658829879634554,9,4,2,0
7.021000000000046,2.531893555707889,-0.13102800730077668,2.5285008678539,1.5989876062474007,0.800041727191552,0.8335477024850736,0.8330814504646026,9,4,2,0
7.038000000000046,2.5390046878066372,-0.13112730219737967,2.5356163817349255,1.5989876062474007,0.9434335427813221,0.9721941076872543,4.658753625507939,9,4,2,0
7.055000000000047,2.41527943595124,-0.04093211644773753,2.414932569570432,1.7421835695654098,0.8000431033898883,0.8337490127631811,0.833702404841268,9,4,2,0
7.072000000000047,2.423032869551736,-0.041049990790818336,2.422685118867946,1.7421835695654098,0.9434346889947517,0.9723706066688026,4.658864705044918,9,4,2,0
7.0890000000000475,2.5590490522942972,-0.09535551797820158,2.5572718622077417,2.9109152924556816,0.8000592225025194,0.8343957490053173,0.8319876209021559,9,4,2,0
7.106000000000048,2.5720020406299318,-0.09568454429675344,2.5702215789669296,2.9109152924556816,0.9434484326267519,0.9729283843739576,4.658558150480639,9,4,2,0
7.123000000000048,2.5138082859680435,-0.01962190552245069,2.513731703946398,-0.8022191782113451,0.8000617642408077,0.8345721628640271,0.8326944705502328,9,4,2,0
7.1400000000000485,2.5102383587156387,-0.019646899990919398,2.5101614722738717,-0.8022191782113451,0.9434504731580798,0.9730839480045783,4.658684441058451,9,4,2,0
7.157000000000049,2.6168296889578295,-0.05112389523579575,2.6163302483339237,0.4765493770046882,0.8000714173529063,0.8350044650151007,0.831967352731402,9,4,2,0
7.174000000000049,2.618314157197303,-0.051130069372889775,2.6178148792047438,0.4765493770046882,0.9434586849659826,0.9733966542850941,4.658554530762312,9,4,2,0
7.19100000000005,2.6783260615490017,-0.11787746867625426,2.6757308150019625,0.9451849598902319,0.8000751693010288,0.8352327043900547,0.8321189391656139,10,5,2,0
7.20800000000005,2.682529956420832,-0.11791216541657112,2.6799372545531597,0.9451849598902319,0.9434618827968785,0.9736569758823246,4.6585816048442545,10,5,2,0
7.22500000000005,2.154541888914342,-0.16027555129539772,2.148572200030415,1.025026519487559,0.77564821589937,0.8148660466864678,0.7972803645538694,10,5,2,0
7.242000000000051,2.159094034731853,-0.16031635724980076,2.1531339290468736,1.025026519487559,0.9228381507340614,0.9560357804836912,4.652484994041176,10,5,2,0
7.259000000000051,2.2124311661545817,-0.09571522725187309,2.2103597581036993,-0.8676813282882346,0.7756887477397202,0.8086286876580904,0.7517283471717998,10,5,2,0
7.276000000000051,2.20857450938992,-0.09574446723541197,2.2064982122178876,-0.8676813282882346,0.922872256338951,0.950848257698931,4.644895709057073,10,5,2,0
7.293000000000052,1.9309921152868985,-0.1594557274885262,1.9243971576239858,2.405410140551378,0.7756277377837618,0.8081547411421699,0.7495656878356188,10,5,2,0
7.310000000000052,1.9416765783620626,-0.1596804152443041,1.9350995064717509,2.405410140551378,0.9228208783446771,0.9504515539562145,4.644546195319371,10,5,2,0
7.327000000000052,1.678759147877936,-0.03851557761977009,1.6783172604917311,0.8089289729120519,0.7756333003129042,0.8077427232664404,0.7479206095124111,10,5,2,0
7.344000000000053,1.6812789570555369,-0.03853336764348514,1.6808373243760997,0.8089289729120519,0.9228255487973416,0.9500656930860044,4.644280986138606,10,5,2,0
7.361000000000053,1.7160936125058026,0.0068901695084830905,1.7160797803270569,2.210658099021237,0.7756398105526542,0.8075687331186043,0.7457087691977351,10,5,2,0
7.378000000000053,1.725929077480606,0.006700387865576474,1.725916071335888,2.210658099021237,0.9228309844604932,0.9499639939762209,4.6439253017822715,10,5,2,0
7.395000000000054,1.7810286859202706,-0.08576173643769458,1.7789626484651322,-1.31307761715246,0.7756389338170182,0.8076059898767152,0.7441836154148465,10,5,2,0
7.412000000000054,1.7751952650059037,-0.08582869817433991,1.7731191904294192,-1.31307761715246,0.9228303040167014,0.9499992185445837,4.643680640776998,10,5,2,0
7.4290000000000544,1.6435499292360745,-0.03001104775820096,1.6432759071149192,0.272216669466493,0.7756346567940706,0.8074536137227409,0.7432287461657242,10,5,2,0
7.446000000000055,1.6447613000275039,-0.030013925776396277,1.6444874272330736,0.272216669466493,0.9228267028875353,0.949871334920354,4.6435277116866915,10,5,2,0
7.463000000000055,1.5824853127154397,0.005295352652198382,1.5824764529686917,-1.5224480183231834,0.775643110888086,0.8076106985157632,0.7422389652827475,10,5,2,0
7.4800000000000555,1.57571005688351,0.0052053356981875964,1.5757014589839358,-1.5224480183231832,0.9228338001155676,0.9500077631693993,4.643369393194899,10,5,2,0
7.497000000000056,1.5950091392771422,-0.04904655942429326,1.5942548696448284,1.5351653146127027,0.7756460376563254,0.8076429146024695,0.7409903873901944,10,5,2,0
7.514000000000056,1.6018403008202005,-0.04913808642625028,1.6010864429486986,1.5351653146127027,0.9228362913676418,0.9500360856943932,4.643169972581215,10,5,2,0
7.5310000000000565,1.6797699158875214,0.02165923316021079,1.6796302712024698,1.5975324613350015,0.7756520299539318,0.8076486808446026,0.7403429907456472,10,5,2,0
7.548000000000057,1.6868770978292635,0.02156011889460352,1.6867393113501947,1.5975324613350015,0.9228413408116187,0.9500428352007679,4.643066700363174,10,5,2,0
7.565000000000057,1.5984938732915948,-0.12320689595647139,1.5937385995637854,-2.0142533910088662,0.775651552909909,0.8077860300998707,0.7398159958272573,10,5,2,0
7.582000000000058,1.5895701378659006,-0.12336445683646602,1.5847758308304876,-2.0142533910088662,0.922840861700428,0.9501619939117034,4.64298269948931,10,5,2,0
7.599000000000058,1.4902547094608685,-0.1339022289546019,1.4842268331192798,1.2506268881814555,0.7756455088049243,0.807744735904776,0.739201620152356,10,5,2,0
7.616000000000058,1.4958033050255364,-0.13396297292849368,1.4897924181608246,1.2506268881814553,0.9228358566504051,0.9501273344685942,4.642884844071736,10,5,2,0
7.633000000000059,1.644955207799829,-0.11004909124040552,1.6412698843227886,0.35454878636668746,0.7756628943992013,0.8080068667316566,0.7384492704053249,10,5,2,0
7.650000000000059,1.6460575220629803,-0.11005250878019979,1.6423744430705511,0.35454878636668746,0.9228504483110701,0.9503042876143982,4.642765120597565,10,5,2,0
7.667000000000059,1.5860404602052134,0.04662407289544568,1.5853550193047,2.053334322902196,0.7756643426016554,0.808018207685241,0.7382971077952272,10,5,2,0
7.68400000000006,1.5951683493521502,0.04646033931013527,1.5944916116574746,2.053334322902196,0.9228517643536662,0.9503629731484313,4.642740920992034,10,5,2,0
7.70100000000006,1.4178187245179017,-0.06460359234731428,1.416346112872624,0.22868844041653164,0.7756654216013567,0.8082957556447039,0.7379406188327521,10,5,2,0
7.71800000000006,1.4188355563246728,-0.06460562354769372,1.4173639085630612,0.22868844041653164,0.9228525693843602,0.9506016377078779,4.642684244809077,10,5,2,0
7.735000000000061,1.4655367667140389,0.03866067974376364,1.4650267459785127,-0.639964083470279,0.7756859097439198,0.8116621873163522,0.8217441387650799,10,4,2,0
7.752000000000061,1.4626891812237308,0.038644773354491235,1.4621785877112714,-0.6399640834702789,0.9228696528832995,0.9534105396461553,4.656739639454833,10,4,2,0
7.769000000000061,1.7601896069680731,0.029008516319283473,1.7599505556859754,-2.0807156230116535,0.7756955101682166,0.8118479472751226,0.8213141698013449,10,4,2,0
7.786000000000062,1.7509297176072043,0.028840387312857985,1.7506921796991293,-2.0807156230116535,0.922877420457469,0.9535714426969605,4.656663784899188,10,4,2,0
7.803000000000062,1.422497894413227,-0.08374062877165755,1.4200309034323837,-1.1512078921775772,0.775699975389486,0.8119426687595862,0.8207092370539151,10,4,2,0
7.8200000000000625,1.4189200100368609,-0.08377665807510049,1.4164446570356262,-1.1512078921775772,0.9228814339723624,0.9536209625581378,4.656557128594127,10,4,2,0
7.837000000000063,1.091401699285124,-0.05902039287552796,1.0898046900372904,-0.08005531897565851,0.7756958304626815,0.8120404894026687,0.820309622970929,10,4,2,0
7.854000000000063,1.0910459410179105,-0.05902064178718547,1.0894483967837516,-0.08005531897565851,0.9228781031188045,0.9537404275418255,4.656486713995206,10,4,2,0
7.8710000000000635,1.052336754348133,0.04094106055003799,1.0515400487442221,-1.1831815787750852,0.7756964570022701,0.812054101242934,0.8207143461476494,10,4,2,0
7.888000000000064,1.047073154978475,0.04088669143233581,1.046274567377175,-1.1831815787750852,0.9228784250216167,0.9537544317538681,4.656558029064786,10,4,2,0
7.905000000000064,1.241508789139243,-0.10894649555514135,1.236719343511794,0.5128498239788081,0.7757058987575578,0.812188603549352,0.8204784272427432,10,4,2,0
7.9220000000000645,1.2437833485254457,-0.10895671065089552,1.239001797122711,0.512849823978808,0.9228866849345251,0.9538716568255439,4.6565164543514594,10,4,2,0
7.939000000000065,1.318394165566387,-0.06354660183974481,1.3168618018585363,-3.11501150634084,0.775711070633533,0.8123743102628118,0.8198484251630346,10,4,2,0
7.956000000000065,1.3045720404247205,-0.06392337265424608,1.3030049927327312,-3.11501150634084,0.9228903237875573,0.9540318301777572,4.656405489249993,10,4,2,0
7.973000000000066,0.9160773620544077,-0.15238279563902601,0.9033145724839144,-0.308262286364409,0.7757101639070241,0.8125230395322635,0.8196793713345483,10,4,2,0
7.990000000000066,0.9151308263031733,-0.15238537910474292,0.9023542128706623,-0.308262286364409,0.9228901252985953,0.95412412906696,4.656375727093612,10,4,2,0
8.007000000000065,1.186948891435138,-0.04796988893396659,1.1859791569141365,-0.17123808763244688,0.7757111011440028,0.8124141357201651,0.8202997770202461,10,4,2,0
8.024000000000065,1.1861874512164134,-0.047971027780842945,1.1852170475980088,-0.17123808763244688,0.9228909200429777,0.9540700812855322,4.65648497949415,10,4,2,0
8.041000000000064,0.947931153812949,-0.1280073355891016,0.9392484199638176,-1.0629840510875816,0.7757207146108656,0.8127808793859111,0.8190240650437713,10,4,2,0
8.058000000000064,0.9432500232879021,-0.1280512195641954,0.9345177855989419,-1.0629840510875814,0.9228988347304097,0.9543859547472071,4.656260415740939,10,4,2,0
8.075000000000063,1.3410467065110596,-0.057301654646419564,1.3398219245179348,-0.061066123860918906,0.775734002876566,0.8128365055352763,0.8194067178088061,10,4,2,0
8.092000000000063,1.3407751807649795,-0.057301799478773674,1.3395501443140745,-0.061066123860918906,0.9229101902812592,0.9544353893180123,4.656327738601028,10,4,2,0
8.109000000000062,1.0358714712985697,-0.13897910724865525,1.0265059730944728,-2.0716705669528825,0.7757398098016411,0.8132858928868303,0.8174816218887883,10,4,2,0
8.126000000000062,1.0267599862991559,-0.13914577784763615,1.017287826513332,-2.0716705669528825,0.9229147080464903,0.9548208865358255,4.655989351598765,10,4,2,0
8.143000000000061,1.2258480336730107,-0.011341565501849615,1.2257955663779967,-1.472893406884079,0.7757410595233732,0.8132376817871398,0.8181755661244227,10,4,2,0
8.16000000000006,1.2212606144500555,-0.011400542366329702,1.2212074009113607,-1.472893406884079,0.9229159346005755,0.9547405781244908,4.656111241914028,10,4,2,0
8.17700000000006,0.9401576254664179,-0.1475552024427902,0.9285062320494788,-1.814660496478826,0.7757436429892648,0.8135327678592221,0.8172366146822498,10,4,2,0
8.19400000000006,0.9322038525880539,-0.14768308737759206,0.9204312730903013,-1.814660496478826,0.9229179738212607,0.9550351502032977,4.655946340375119,10,4,2,0
8.211000000000059,1.1379132779009367,0.01790089418784646,1.1377724667131517,0.5614077506017264,0.7757474142525699,0.8135681156691716,0.8176708880224223,10,4,2,0
8.228000000000058,1.1404113328249432,0.01788865314964383,1.1402710222241268,0.5614077506017264,0.9229215838552529,0.9550675372473271,4.656022585984151,10,4,2,0
8.245000000000058,1.2620407578329735,-0.07393677246703234,1.2598731000020535,0.9414058039833864,0.7757604719421471,0.8139113980003723,0.8170547652931907,10,4,2,0
8.262000000000057,1.2662252182585252,-0.07397119231062632,1.2640627223607197,0.9414058039833864,0.9229326442883917,0.9553629495991205,4.655914424639211,10,4,2,0
8.279000000000057,1.2735511896119989,-0.10117578184039644,1.2695259326737371,2.233981089710948,0.77576349551137,0.814079297880362,0.8167947069418465,10,4,2,0
8.296000000000056,1.2834753219993171,-0.10136958858417344,1.2794659466713156,2.233981089710948,0.922935455796641,0.9555079602380618,4.655868794689492,10,4,2,0
8.313000000000056,1.2597237344828887,0.06889599075409691,1.2578383161907283,0.9374540560691806,0.775770352834422,0.8144255372055825,0.8160256771867405,10,4,2,0
8.330000000000055,1.262638496142691,0.06887209871282352,1.260758742170907,0.9374540560691806,0.9229408816335105,0.9557608205974958,4.655733942774569,10,4,2,0
8.347000000000055,1.1853026575046353,-0.024255254389558445,1.1850544597283488,-3.124763939121598,0.775775184503927,0.8145961260563133,0.815966347821088,10,4,2,0
8.364000000000054,1.1714133655074883,-0.024634387488593035,1.171154310858583,-3.1247639391215984,0.9229442329334009,0.9559531270701003,4.655723544289507,10,4,2,0
8.381000000000054,1.0858618883505846,-0.05258319027463898,1.0845879626258252,-1.9658769559143345,0.7757777753434859,0.8148202702643899,0.8155482140226219,10,4,2,0
8.398000000000053,1.0771319765851344,-0.05273327447557463,1.075840367687178,-1.9658769559143345,0.9229466513858462,0.9561464690083461,4.655650279979226,10,4,2,0
8.415000000000052,1.1695833643216216,-0.1311299813328226,1.1622091782865667,1.0738994636531785,0.7757835974680508,0.8149093244823252,0.8159338734037317,10,4,2,0
8.432000000000052,1.1743375619941792,-0.13117477116722398,1.166988384226535,1.0738994636531782,0.922952098733199,0.9562253861327932,4.655717852903329,10,4,2,0
8.449000000000051,1.1627561953697716,-0.08991317471886617,1.1592745968418185,-0.03316879650165437,0.7757936121769101,0.8152401278774909,0.8150054618926622,10,4,2,0
8.46600000000005,1.162609020053377,-0.0899132174480215,1.1591269761495582,-0.03316879650165437,0.9229603010266885,0.9565088262964281,4.655555234662137,10,4,2,0
8.48300000000005,1.1693051420103995,-0.07578873546006193,1.1668464263600953,0.09284938656832752,0.7757996965398007,0.8154924511624201,0.8148451598482618,10,4,2,0
8.50000000000005,1.1695938131413484,-0.07578896984027494,1.1671356903929677,0.09284938656832753,0.9229654335566455,0.9566785289142254,4.655527174725039,10,4,2,0
8.51700000000005,1.0748718712419967,-0.11782923314252614,1.0683940337742044,-1.5440993743131852,0.7758004298850321,0.815648885943677,0.8142138351548261,10,4,2,0
8.534000000000049,1.0680524461985488,-0.11792182848210686,1.0615227129921152,-1.5440993743131852,0.9229657772156287,0.9568610276603102,4.655416717054735,10,4,2,0
8.551000000000048,0.9784371067240752,-0.046558878232939804,0.9773287280502245,-2.1841937495587453,0.7758065917296841,0.8158517377855315,0.8141133279725732,11,5,2,0
8.568000000000048,0.9687385525899158,-0.04674414377214475,0.967610132386497,-2.184193749558746,0.9229708509457192,0.9570363842579072,4.655399139800769,11,5,2,0
8.585000000000047,1.078567991800959,-0.0004355556707587027,1.078567903856225,-2.0194755903100905,0.7535675128304902,0.7974186464394948,0.7816331391597363,11,5,2,0
8.602000000000046,1.069582072559849,-0.0005939345170027366,1.0695819076551416,-2.0194755903100905,0.9043575207401744,0.9411837072699221,4.649829137109005,11,5,2,0
8.619000000000046,1.2108357302348103,-0.06367708320021137,1.2091602022430195,-2.0060900565950717,0.7535977703418268,0.7922144860346124,0.7527031221744818,11,5,2,0
8.636000000000045,1.201930004803597,-0.06383336967785525,1.2002337428029364,-2.0060900565950717,0.9043827571882124,0.9368721594958134,4.64505356591357,11,5,2,0
8.653000000000045,1.1289840236395199,-0.05874400378534261,1.1274546854098162,2.245430137353582,0.7535644457307974,0.7910513060012423,0.7433111346652586,11,5,2,0
8.670000000000044,1.135975355203847,-0.058881062441383136,1.1344483364685587,2.245430137353582,0.9043562962369218,0.9358854651598393,4.643540899248387,11,5,2,0
8.687000000000044,1.1559386795224111,-0.02194768799223823,1.1557303015010945,-0.6386737435985863,0.7534738626246027,0.7907358347667878,0.7409713189614074,11,5,2,0
8.704000000000043,1.1530970789750983,-0.021963530303711565,1.1528878856495552,-0.6386737435985863,0.904280150623076,0.9356538702694234,4.643166929542655,11,5,2,0
8.721000000000043,1.103864090410811,-0.042694019617513845,1.1030381456628717,-2.467414861225299,0.7534789987335521,0.7905030171093593,0.7397637418494151,11,5,2,0
8.738000000000042,1.092903591327394,-0.042930438495961454,1.0920600887253684,-2.467414861225299,0.9042839878238136,0.9354646402088383,4.642974373591804,11,5,2,0
8.755000000000042,1.02020281633656,-0.027366740412819723,1.0198356965610813,-0.6112578761380467,0.7534618596293492,0.7904520222105579,0.738613365402284,11,5,2,0
8.772000000000041,1.0174837819638314,-0.027381251826973596,1.0171152902241758,-0.6112578761380467,0.9042701692848811,0.9354268543195813,4.642791223351105,11,5,2,0
8.78900000000004,1.1613774238226842,-0.026093282886868963,1.1610842610048593,-1.6461988376252363,0.7534649866334687,0.7904702530681676,0.7379182719944222,11,5,2,0
8.80600000000004,1.1540561216726666,-0.02619852743920248,1.1537587135663046,-1.6461988376252363,0.9042725591360793,0.9354477505625514,4.642680692899136,11,5,2,0
8.82300000000004,1.164654502106334,0.07711492914518203,1.162098703630413,0.4655100276112697,0.7534734586153525,0.7905318824165061,0.7372594612290106,11,5,2,0
8.840000000000039,1.1661011738699192,0.07710903774325928,1.1635489435340105,0.4655100276112697,0.9042800347050364,0.9354669725293906,4.642576025575333,11,5,2,0
8.857000000000038,1.0676864446050796,0.03700519153868598,1.0670449661530768,-2.955863882800891,0.7534601703350298,0.7905657084763402,0.7362121342679668,11,5,2,0
8.874000000000038,1.054533090454109,0.03666592778922251,1.0538954637923297,-2.955863882800891,0.9042683325290096,0.9355356088452967,4.642409821064762,11,5,2,0
8.891000000000037,1.0441695770089197,-0.14205982842790021,1.0344607825809646,2.0215922918871776,0.7534584841738831,0.7907060013750699,0.7356757725934772,11,5,2,0
8.908000000000037,1.0531034805269421,-0.14221853942140683,1.043456193494869,2.0215922918871776,0.9042678636280638,0.9356582416038518,4.642324792865765,11,5,2,0
8.925000000000036,1.013210978413693,-0.09437772337721029,1.0088058941680345,-1.1525395966041452,0.7534836250457185,0.7946795989315556,0.8220511267234953,12,5,2,0
8.942000000000036,1.0081090875595107,-0.09442931295640022,1.0036767593576386,-1.1525395966041452,0.9042883771603579,0.9389639042798874,4.656793821399281,12,5,2,0
8.959000000000035,0.870740156043885,0.023798200390515944,0.8704148809651073,-0.6035569916037782,0.7330663328997489,0.7784037652974286,0.7907372875757002,12,5,2,0
8.976000000000035,0.8680546400367976,0.023784052311579984,0.8677287461788126,-0.6035569916037782,0.8873480512549967,0.9250551462593591,4.65136819635231,12,5,2,0
8.993000000000034,1.218650069349371,-0.10415870654637871,1.214190658577067,-2.368969025950238,0.7330584832686572,0.7736760061532892,0.7636804359329126,12,5,2,0
9.010000000000034,1.2113121464490668,-0.10431125923087237,1.2068124449692732,-2.368969025950238,0.8873417809225602,0.9211703455654339,4.646844999384189,12,5,2,0
9.027000000000033,1.1133213167847764,-2.6067624986580995e-05,1.113321316479599,1.2355575684977178,0.73299378986407,0.7725904294087919,0.758510377135288,12,5,2,0
9.044000000000032,1.1188198532042937,-8.535661614317291e-05,1.118819849948295,1.2355575684977178,0.8872877686379391,0.9202743107012124,4.645998130896856,12,5,2,0
9.061000000000032,0.8646093383672547,0.026023000862572587,0.8642176296616313,0.2097576817364216,0.7329840810148336,0.771807620526166,0.7548013297533062,12,5,2,0
9.078000000000031,0.8655424077789047,0.026021292027362364,0.8651511729316042,0.2097576817364216,0.8872798914636472,0.9196331126460983,4.645394029301769,12,5,2,0
9.09500000000003,1.1283120130122917,0.04968866141508599,1.127217386148132,-0.689611741352667,0.732978336301311,0.7715466564164573,0.7508692387210473,12,5,2,0
9.11200000000003,1.1252450784192705,0.04967019132679695,1.1241482814114647,-0.689611741352667,0.8872752581528033,0.9194273701716921,4.644756748607261,12,5,2,0
9.12900000000003,1.3108387819152048,-0.06336649611309753,1.3093063046297786,-0.5040728349274654,0.7329630178408467,0.7713660485626587,0.7489204000586773,12,5,2,0
9.14600000000003,1.3085984946429308,-0.06337636455765505,1.3070629122567894,-0.5040728349274654,0.887262555811779,0.9192833641661616,4.6444420984332675,12,5,2,0
9.163000000000029,1.2903659308700766,-0.08626086295242175,1.2874794363689475,-0.5411986200240165,0.7329507673326929,0.7710908469937089,0.7483010760132258,12,5,2,0
9.180000000000028,1.288684208432669,-0.0862688258859805,1.2857934043787864,-0.5411986200240165,0.887252427438565,0.9190421109237047,4.644342272102446,12,5,2,0
9.197000000000028,1.2536979357422886,-0.1169948112294783,1.2482270339284653,1.0347741094475813,0.7329377009713222,0.7708470655344442,0.7480386868224287,12,5,2,0
9.214000000000027,1.258286885160299,-0.1170363969492989,1.2528321384589134,1.0347741094475813,0.8872415393463652,0.9188563275626097,4.644300002913053,12,5,2,0
9.231000000000027,1.10923840461157,-0.013561683809967917,1.1091554981144256,-0.4091062612595759,0.7329391248143506,0.7708205562235412,0.746967865327409,12,5,2,0
9.248000000000026,1.107417871947645,-0.013568184138808448,1.1073347495171575,-0.4091062612595759,0.8872428121330451,0.9188397386555308,4.644127650259729,12,5,2,0
9.265000000000025,1.0603184980036375,-0.09769358834741126,1.055808353823977,0.4804389356013255,0.7329406962015805,0.7706989381219477,0.7464218368882233,12,5,2,0
9.282000000000025,1.0624484570557318,-0.09770255310947817,1.0579465652933493,0.4804389356013255,0.88724404287039,0.9187428929758978,4.644039857565691,12,5,2,0
9.299000000000024,1.2154495442196651,-0.03309799491079701,1.2149988136935264,-1.4453577742291843,0.7329403913398767,0.7707580603120799,0.7458169680295595,12,5,2,0
9.316000000000024,1.2090221538674737,-0.033179126991608854,1.2085668016598916,-1.4453577742291843,0.887243944981142,0.9187964186325972,4.643942677281446,12,5,2,0
9.333000000000023,0.9873584981134537,-0.10634316491756124,0.9816149627385329,0.742313153205482,0.7329498697723837,0.7706153575349475,0.7456617018276029,13,6,2,0
9.350000000000023,0.9896592341953816,-0.10635814558617085,0.9839275098784768,0.742313153205482,0.8872516063624355,0.9186591681923467,4.643917744065629,13,6,2,0
9.367000000000022,0.7035326542823207,-0.005116281424854208,0.7035140505390842,-0.1777314350194684,0.7142106375447488,0.7554408999695653,0.7217097933920102,13,6,2,0
9.384000000000022,0.7027416757494895,-0.005117508279376182,0.702723042132682,-0.1777314350194684,0.8718352745222128,0.9058520401338617,4.640132074192835,13,6,2,0
9.401000000000021,0.40220940292205337,0.04588180635659711,0.3995838630930564,-0.35767817393314444,0.7140016743339976,0.7503177788828408,0.6873954734032504,13,6,2,0
9.41800000000002,0.4006273980298303,0.04587683759237393,0.39799199467410773,-0.35767817393314444,0.871664189327115,0.9016788719217298,4.6349188964781725,13,6,2,0
9.43500000000002,0.699779170243519,-0.015703347367733045,0.699602953101369,-0.13606031729477458,0.7140078218181727,0.7496656496876726,0.6836069522786371,13,6,2,0
9.45200000000002,0.6991737909495914,-0.015704066365721303,0.6989974050383907,-0.13606031729477458,0.8716691896734776,0.901150409513774,4.634358543021769,13,6,2,0
9.469000000000019,0.6514289845757743,0.0011963043463580902,0.6514278861096869,1.2015125942486902,0.7140066990983792,0.7493257913242422,0.6831460439638246,13,6,2,0
9.486000000000018,0.6567759234295453,0.0011402375605626958,0.6567749336378768,1.20151259424869,0.8716682354810948,0.900872378153267,4.634290577581274,13,6,2,0
9.503000000000018,0.7992891861861184,-0.09442160861326698,0.7936924864082755,1.1792430256249373,0.7140066295577483,0.7491130722825102,0.6821022010223678,13,6,2,0
9.520000000000017,0.8029415967376317,-0.0944594140502133,0.7973660557541109,1.1792430256249373,0.8716682041017831,0.9006841361854421,4.634136818514827,13,6,2,0
9.537000000000017,0.4789197697828471,-0.06209500281367042,0.4748772015104805,0.4134918218081011,0.7140007181118482,0.7488081052044177,0.6824030950223581,13,6,2,0
9.554000000000016,0.48074541945732346,-0.062101643254081296,0.47671746793498215,0.4134918218081011,0.8716633549962884,0.9004491747102327,4.634181116893389,13,6,2,0
9.571000000000016,0.6127427251686864,-0.02093176490516413,0.6123850981736112,-0.8685426739081716,0.7140039674569235,0.7487973379543794,0.6815219287459859,13,6,2,0
9.588000000000015,0.6088806244699809,-0.020961062969362843,0.608519719231964,-0.8685426739081717,0.8716660549665063,0.900444647116177,4.634051443330858,13,7,2,0
9.605000000000015,0.6759470991385209,-0.06369641856456809,0.6729392595887305,1.5979186943445434,0.7140050277365876,0.7486781747507992,0.6810874990756407,14,7,2,0
9.622000000000014,0.6830357993184988,-0.06379558075827418,0.6800500180327731,1.5979186943445434,0.8716668590644927,0.9003494059023942,4.633987572433948,14,7,2,0
9.639000000000014,0.245541875920974,-0.01707656025757842,0.244947349282576,-0.10702398095062288,0.6965390724486451,0.7346189529831624,0.6637361293598495,14,7,2,0
9.656000000000013,0.245066742925072,-0.017077005121308275,0.2444710297437922,-0.10702398095062288,0.8574186360079721,0.8885803211724389,4.631469128634321,14,7,2,0
9.673000000000012,0.44365179853799813,0.02090122064044664,0.4431591783115181,-0.9623751223211897,0.696555914550735,0.7299190986798896,0.6395734895897681,14,7,2,0
9.690000000000012,0.4406559018462084,0.02087604146377231,0.440161123595324,-0.9623751223211897,0.8574323981251262,0.8847650946864898,4.628068159465804,14,7,2,0
9.707000000000011,0.37554943558234866,-0.02661991821981502,0.37460480311948885,0.3466623458272134,0.6965200391807398,0.7291656932246934,0.6364329143628029,14,7,2,0
9.72400000000001,0.37708874260819286,-0.02662458564041259,0.3761476455347079,0.3466623458272134,0.8574031114900007,0.8841621151498789,4.627635194627975,14,7,2,0
9.74100000000001,0.4749260018923123,-0.03227749838191585,0.4738278910866498,-1.7811936477442407,0.6964956140694698,0.7289078510920874,0.6357785142188932,14,7,2,0
9.75800000000001,0.4670270857874197,-0.03240071015806478,0.465901806006741,-1.7811936477442407,0.8573834823487563,0.8839541553920595,4.62754524118539,14,7,2,0
9.77500000000001,0.49399383138807546,0.010964485175456673,0.49387213478217973,-0.18203791804230934,0.6965001284522835,0.7285676514263684,0.6340263246458161,14,7,2,0
9.792000000000009,0.4931838279923907,0.010963198146626496,0.4930619600817181,-0.18203791804230934,0.8573869929966605,0.8836796603090806,4.6273048333148585,14,7,2,0
9.809000000000008,0.3741184504306022,-0.09996510277674275,0.3605157322218133,-1.5719168758920237,0.6964912462002224,0.7283586900635031,0.6334796873937055,14,7,2,0
9.826000000000008,0.3674085853944406,-0.10006106423349337,0.3535206529271022,-1.5719168758920237,0.8573798980609547,0.8835113822561912,4.627229965585846,14,7,2,0
9.843000000000007,0.32442800219557216,-0.03620747517713596,0.3224012210738465,-0.8679883138658281,0.6964933329683162,0.7281873630777285,0.6323987133287454,14,7,2,0
9.860000000000007,0.32174330377957067,-0.03622795765104314,0.31969718267671254,-0.8679883138658282,0.8573815087841049,0.883357158376477,4.627082101356644,14,7,2,0
9.877000000000006,0.12618602889262773,-0.004830527227703385,0.1260935362910942,-0.6615372679423038,0.6964863725276038,0.7281057182041193,0.6321103041510153,14,7,2,0
9.894000000000005,0.12324474035365346,-0.0048475240888308235,0.12314937082684452,-0.6615372679423038,0.8573758628010214,0.8833094020249129,4.627042692334819,14,7,2,0
9.911000000000005,0.18871724014469618,-0.0554442287604715,0.18038884174190883,-2.079851738011941,0.6964792466098025,0.7280868729336071,0.6316696940385453,14,7,2,0
9.928000000000004,0.17994351945632073,-0.05561221820142492,0.17113430801871488,-2.079851738011941,0.8573701943747681,0.8832964040489719,4.626982520222214,14,7,2,0
9.945000000000004,0.1403226416167616,-0.08106568627377442,0.11453732256023841,-0.4776529422053337,0.6964819015455577,0.7280712036960392,0.6311378331604938,14,7,2,0
9.962000000000003,0.13859808730534517,-0.08107454736727959,0.11241150997069127,-0.4776529422053336,0.8573722097078156,0.8832864082217512,4.626909941259035,14,7,2,0
9.979000000000003,0.30515213251515255,-0.036073037974453825,0.3030124748419425,0.13421539878592426,0.6964832150140544,0.7281112053459292,0.6306745340215499,14,7,2,0
9.996000000000002,0.3057453719335619,-0.0360737376060527,0.30360981195264714,0.13421539878592426,0.8573732282368879,0.8833224202308905,4.626846767285303,14,7,2,0
10.013000000000002,0.31285845032604565,-0.08235583203853736,0.30182433114256213,-0.8219574746911341,0.6964800009746056,0.7280836254193673,0.6305519526693797,14,7,2,0
10.030000000000001,0.31039371815135924,-0.0823741997145433,0.2992636822088741,-0.8219574746911341,0.8573706653020451,0.8832815020671518,4.626830060104902,14,7,2,0
10.047,0.29778770121745046,-0.10964272943078868,0.276868175995979,-0.7257401102315941,0.6964781773195687,0.7280315053737607,0.6302711906657885,14,7,2,0
10.064,0.2947947227109653,-0.10966318546145715,0.2736382909840671,-0.7257401102315941,0.8573691946245559,0.8832615954132289,4.62679180576114,14,7,2,0
10.081,0.3271932939762599,-0.02964541634390372,0.3258475117487194,0.5039571560330172,0.696477737836469,0.7281008814999056,0.6299048244198224,14,7,2,0
10.097999999999999,0.32942789681482265,-0.029655280259625272,0.32809038930233925,0.5039571560330173,0.8573687589219137,0.8833211376046988,4.626741912826187,14,7,2,0
10.114999999999998,0.1471673587566742,-0.00634903400194986,0.14703034125872705,0.9870989157069205,0.6964786873978623,0.7281808135325512,0.6298403990859895,14,7,2,0
10.131999999999998,0.15155793212127666,-0.0063868761279834985,0.1514232961013704,0.9870989157069205,0.8573694931046904,0.8833898223951191,4.626733142120471,14,7,2,0
10.148999999999997,0.35554261650781804,-0.03568776829929732,0.3537469934106028,-0.5056131804934283,0.6964802896612199,0.7283270210939343,0.6290493233933031,14,7,2,0
10.165999999999997,0.3533048088128088,-0.035697697147597296,0.3514967458577871,-0.5056131804934283,0.8573708864977885,0.8835122757432734,4.626625518813548,14,7,2,0
10.182999999999996,0.3427565324147019,-0.00998787766203435,0.34261097882694713,0.09277095079366343,0.6964769441907825,0.728341873779273,0.629010264289633,14,7,2,0
10.199999999999996,0.34304543627016354,-0.009988111646421771,0.3428999985003287,0.09277095079366342,0.8573681407801103,0.8835023088196003,4.626620208387207,14,7,2,0
10.216999999999995,0.25649410442368603,-0.03343133394326969,0.25430605874591805,1.0284756114214808,0.6964775361414449,0.7284108805347976,0.6289486556173824,14,7,2,0
10.233999999999995,0.26103808258630085,-0.03347241496664566,0.2588831357903274,1.0284756114214808,0.8573685730453848,0.8835857265505521,4.6266118328079,14,7,2,0
10.250999999999994,0.3604265015756713,-0.019619861437334407,0.3598921006013569,-0.6300081368229636,0.6964801635652341,0.7285486340956843,0.6284243777684061,14,7,2,0
10.267999999999994,0.35762768626856556,-0.019635276768582344,0.3570882494454679,-0.6300081368229637,0.8573707854585262,0.8837010842157988,4.62654059083553,14,6,2,0
10.284999999999993,0.08149739154036935,-0.024460743950889707,0.07773993075153385,-1.1140064713738438,0.6964897368934023,0.7317066865903918,0.6784083854939444,14,6,2,0
10.301999999999992,0.07679808091537914,-0.024508941689923347,0.07278225751874601,-1.1140064713738438,0.8573785258164016,0.8862698621288739,4.633594563358307,14,6,2,0
10.318999999999992,0.1873782069945129,0.002436181998739073,0.18736236941752082,-1.4857168499566895,0.6964913251279565,0.7317505876715645,0.6783571407314939,14,6,2,0
10.335999999999991,0.1807660763022443,0.0023504559745148867,0.18075079446138176,-1.4857168499566897,0.8573798082022456,0.8863085590298267,4.633587060847845,14,6,2,0
10.35299999999999,0.28766225193713685,0.02684556023618967,0.2864068558626869,-0.9875200509463994,0.6964921020676162,0.7317800124068122,0.6782521439452864,14,6,2,0
10.36999999999999,0.2845969426742097,0.02681904814078706,0.283330475657543,-0.9875200509463994,0.8573804392527049,0.8863190292668605,4.633571690482574,14,6,2,0
10.38699999999999,0.21627885037111175,-0.015761938961880162,0.21570373756152605,1.106019445083301,0.6964945007199728,0.7318473908196667,0.6778067945221924,14,6,2,0
10.40399999999999,0.22119157619032534,-0.015809448078883293,0.2206258704889379,1.106019445083301,0.8573824383540234,0.8863930639605107,4.633506522146657,14,6,2,0
10.420999999999989,0.05916626519162073,-0.0526379482659749,0.027016538251110944,-0.6407132789676281,0.6964951556703421,0.7318974249560529,0.6776322106391687,14,6,2,0
10.437999999999988,0.05793428841577607,-0.05265389191936265,0.024165045830422116,-0.6407132789676281,0.8573829311732493,0.8864364623627602,4.633480986577034,14,6,2,0
10.454999999999988,0.06785631212778023,-0.00949951314034081,0.06718808187230252,0.09511467988082407,0.6964949805130523,0.7319120439912178,0.6777830995684726,14,6,2,0
10.471999999999987,0.0682755342438134,-0.00949986450649476,0.06761139808224925,0.09511467988082407,0.8573827968823847,0.8864503711017906,4.633503056018827,14,6,2,0
10.488999999999987,0.18703542693924477,0.002410639127184311,0.18701989131999852,-1.531071603793465,0.6964973472770578,0.7320009634062848,0.677444372173121,15,7,2,0
10.505999999999986,0.18022145912388376,0.0023195995818312554,0.1802065309208345,-1.531071603793465,0.8573846948432877,0.8865261743745003,4.633453519510495,15,7,2,0
10.522999999999985,0.10130532332205038,-0.004636926542687547,-0.10119914745502001,-1.0764645043766843,0.6804048137650521,0.7189642037806815,0.6601675716574286,15,7,2,0
10.539999999999985,0.10465675565025974,-0.0046684293758190165,-0.10455258136651224,-1.0764645043766843,0.8443643243145086,0.8756983923891356,4.630959065112023,15,7,2,0
10.556999999999984,0.32770157662711213,0.05249216182181726,-0.323470085589328,0.348562679681799,0.6803584088547794,0.7152953489630105,0.6448105626526663,15,7,2,0
10.573999999999984,0.32616964341255855,0.052487443089383135,-0.3219187857236889,0.348562679681799,0.844326614452136,0.8727288385665324,4.628794800137895,15,7,2,0
10.590999999999983,0.12036704199465036,0.07444387194082935,0.0945850660992491,0.15670569417966665,0.6803275935527897,0.7133730151747493,0.6300220513937727,15,7,2,0
10.607999999999983,0.12091526986544662,0.07444291819158622,0.09528249796134958,0.15670569417966668,0.8443018454123241,0.8711916386785695,4.6267578740752775,15,7,2,0
10.624999999999982,0.1087897613282978,0.0877851839832644,0.06425709021495152,-2.4442358227160836,0.6802623571465928,0.7134991911265061,0.6302927132835874,15,7,2,0
10.641999999999982,0.10254369197960558,0.08755318543610002,0.0533820989171474,-2.4442358227160836,0.8442494949042886,0.8712947753377375,4.626794737665974,15,7,2,0
10.658999999999981,0.14644830728901684,0.037628552135053894,-0.14153161757020172,-0.5155289054586502,0.6802540405530823,0.7134032574262813,0.6298208115361519,15,7,2,0
10.67599999999998,0.14866421168749389,0.03761823003576836,-0.14382599419312214,-0.5155289054586503,0.8442426387729158,0.8712192942904076,4.626730475694388,15,7,2,0
10.69299999999998,0.08008007788375907,0.024676877717396906,-0.076183138423076,-1.2119178331971376,0.6802374655141191,0.7132892226900941,0.6302376397396093,15,7,2,0
10.70999999999998,0.08366802210786554,0.024636948286534732,-0.07995848111719539,-1.2119178331971376,0.8442293046945443,0.8711121179939614,4.626787235503673,15,7,2,0
10.726999999999979,0.10219756653914197,0.09894508110077993,-0.02557759825477035,-1.4419089308916748,0.6802308895622886,0.7132237361615598,0.6302824901589646,15,7,2,0
10.743999999999978,0.10391241466102778,0.09886433572456355,-0.03199426577413789,-1.4419089308916748,0.844224046281819,0.8710753739706865,4.626793345015114,15,7,2,0
10.760999999999978,0.055510847527583666,0.052127759543587615,-0.01908273770182234,0.5178839706684393,0.6802347574004518,0.7132347297091591,0.6295782110940357,15,7,2,0
10.777999999999977,0.05475138987342948,0.0521173429216617,-0.016777880076404017,0.5178839706684393,0.844227025324513,0.8710877962971346,4.626697457578087,15,7,2,0
10.794999999999977,0.06736126638244067,0.06728289179004321,-0.0032484890357622476,-3.143809899485749,0.6802358749760358,0.7132133125335058,0.6291412610096354,16,8,2,0
10.811999999999976,0.06908312836378332,0.06689912400928222,-0.017233276859542457,-3.1438098994857495,0.8442281630376247,0.8710728160514557,4.626638019813086,16,8,2,0
10.828999999999976,0.11599193154633983,0.089280504380163,0.07404809059978845,-1.0609997062121157,0.665068147103537,0.7010970035066579,0.6155802822870093,16,8,2,0
10.845999999999975,0.11300149377824736,0.08923678408988422,0.0693262862225481,-1.0609997062121157,0.8320552608121575,0.8610896822026094,4.624813479916322,16,8,2,0
10.862999999999975,0.2647859638582594,0.04947294502088795,0.2601231138659301,-1.628975576699859,0.6650147255596538,0.6973103848933847,0.5982843235193868,16,8,2,0
10.879999999999974,0.2597890759074564,0.04940080722784046,0.25504886631014045,-1.628975576699859,0.8320124200113747,0.8580574633809228,4.622543106542568,16,8,2,0
10.896999999999974,0.18921424656659777,-0.03699376724233616,0.18556263710398468,0.6880178916381129,0.6650060907544804,0.6965620624381431,0.5952128472055125,16,8,2,0
10.913999999999973,0.19222163647169224,-0.03701215205315833,0.18862464878230867,0.6880178916381129,0.832005442905289,0.8574662011153044,4.62214657638133,16,8,2,0
10.930999999999973,0.21361609819626567,-0.01637514208945845,0.21298753984716257,-0.31866971088999896,0.665013218886987,0.6963372131344199,0.5942041965234378,16,8,2,0
10.947999999999972,0.21220234283774947,-0.016379086166352863,0.21156927906051237,-0.3186697108899989,0.8320111882694522,0.8572883075595579,4.622016796512235,16,8,2,0
10.964999999999971,0.09278572558752499,0.04089474534766424,0.08328751812698698,-0.03209867758411491,0.665014526617514,0.6961563253876566,0.5936977494897112,16,8,2,0
10.981999999999971,0.0926574952514937,0.040894705331155023,0.08314466009407084,-0.03209867758411491,0.8320122138949659,0.8571453338563546,4.6219517152199145,16,8,2,0
10.99899999999997,0.1891174210741532,0.0022340299262921803,0.18910422539971705,1.180371764779036,0.6650130132265851,0.6960135482745722,0.5933153353107838,16,8,2,0
11.01599999999997,0.19436942874422408,0.0021799187238897844,0.19435720409779833,1.180371764779036,0.8320109345865188,0.8570325990640231,4.621902609011803,16,8,2,0
11.03299999999997,0.19495203527590618,0.0882423741905427,0.17383779639489916,-1.0410053536344663,0.6650078985881605,0.6958942467501764,0.5930412188556522,16,8,2,0
11.049999999999969,0.19205235832274614,0.0882129125491673,0.17059481351120098,-1.0410053536344663,0.8320069503655225,0.856924402019786,4.621867428576566,16,8,2,0
11.066999999999968,0.36894186266680484,0.033623378812777105,0.3674065410757734,-1.1295065880715989,0.6650059544949349,0.6958229649097702,0.5924933471852921,16,8,2,0
11.083999999999968,0.36393184996280753,0.03357383055460872,0.36237989640602564,-1.1295065880715989,0.8320054053185821,0.85688314129496,4.6217971619851514,16,8,2,0
11.100999999999967,0.20666222180018565,0.043226367520439624,0.20209095741862626,0.0018634520174165311,0.665007233768363,0.6957594020917959,0.5918771516936063,16,8,2,0
11.117999999999967,0.2066703317922459,0.04322636738557151,0.20209925087878133,0.0018634520174165311,0.832006382694086,0.8568340810383404,4.621718208931836,16,8,2,0
11.134999999999966,0.272393753312095,0.06134692248640761,0.2653957647455911,-1.1806777417068246,0.6650115579644544,0.6957522394637425,0.5911996494505636,16,8,2,0
11.151999999999965,0.26726459931557034,0.06129278322786291,0.2601414245588245,-1.1806777417068248,0.8320098849690448,0.8568310036252563,4.62163149391918,16,8,2,0
11.168999999999965,0.385785210732191,0.05583618861582096,0.38172313115730816,0.11234064428878147,0.665010908753223,0.6957613261139539,0.5907753228971193,16,8,2,0
11.185999999999964,0.3862798639418419,0.0558356984549917,0.3822231129392506,0.11234064428878147,0.8320093166878753,0.8568407035274285,4.621577233176934,16,8,2,0
11.202999999999964,0.24981721025447307,0.12213645518193772,0.2179250441204914,0.6510131268998931,0.6131146235586066,0.6414932664422899,0.5440672750546393,17,9,3,0
11.219999999999963,0.2523406705258605,0.12211999480641111,0.22082237402474192,0.6510131268998931,0.7911444265643345,0.8133846854813002,4.615839017975014,17,9,3,0
11.236999999999963,0.5082730702381241,-0.04848568214377025,0.5059551882887874,-3.5859754690972525,0.6514232812883471,0.6838858665142922,0.5794714752113606,17,9,3,0
11.253999999999962,0.49244827989616163,-0.04898495479567799,0.49000590055258897,-3.5859754690972525,0.8211913354857122,0.8471539271175776,4.620145866816197,17,9,3,0
11.270999999999962,0.5714846390824054,-0.03462006757698077,0.5704350476856348,0.24388108008177828,0.6508331061713478,0.6806764689395179,0.5618179258051794,17,9,3,0
11.287999999999961,0.5725682003860882,-0.03462237762221321,0.5715204590048799,0.24388108008177828,0.8207214449858282,0.8446145903085666,4.617964922109218,17,9,3,0
11.30499999999996,0.3177874083578498,0.03521320483517343,0.3158304404518901,-1.6175774895989496,0.6508824958669749,0.6802327392042254,0.5601449148985285,17,9,3,0
11.32199999999996,0.3106230397332349,0.035111587860079396,0.308632223222169,-1.6175774895989496,0.8207608541744446,0.8442635540885951,4.617761683517442,17,9,3,0
11.33899999999996,0.464607179761426,0.020738517087941943,0.4641440998169202,0.054369432856314494,0.6508864332850473,0.680013517127652,0.5595773685862726,17,9,3,0
11.355999999999959,0.46477639060755227,0.02073843672190634,0.4643134830139175,0.054369432856314494,0.8207637548161799,0.844077499550929,4.617692873233245,17,9,3,0
11.372999999999958,0.3346254171819555,0.02974366287967456,0.3333008916020148,-0.9449741388980772,0.6508876268217966,0.6798275540994189,0.5587505348684536,17,9,3,0
11.389999999999958,0.33043365361308963,0.02970898161530755,0.32909539020089085,-0.9449741388980772,0.8207648243534096,0.843943832112221,4.617592749506062,17,9,3,0
11.406999999999957,0.5003874266685654,0.024342791894262916,0.4997949632106966,-0.3578004701547557,0.6508735870592754,0.6798019375551397,0.5587129120301385,17,9,3,0
11.423999999999957,0.4987966627855627,0.024337819731663046,0.49820255051206175,-0.3578004701547557,0.8207536131542794,0.8439252067274703,4.617588197115932,17,9,3,0
11.440999999999956,0.45703350973331747,0.07380262305644436,0.4510352556609547,-0.35050363061204975,0.6508742020224636,0.6797770618441853,0.5583415287298445,17,9,3,0
11.457999999999956,0.45549334135449887,0.07379785162589059,0.44947531758005255,-0.35050363061204975,0.8207540997615099,0.8439073297779273,4.6175432756802115,17,9,3,0
11.474999999999955,0.4664486729778552,-0.03973092447370874,0.46475350258310755,-0.36168593187334036,0.6508745366342078,0.6797709327728231,0.5579703925564284,17,9,3,0
11.491999999999955,0.4648452725295797,-0.039736005210670555,0.46314379762984714,-0.36168593187334036,0.8207543664639655,0.8439043918734707,4.6174984135400345,17,9,3,0
11.508999999999954,0.3273888303957999,0.012421066787439372,0.3271531191472761,-1.2341802293007356,0.6508735836310593,0.6797405045524747,0.5578664828571809,17,9,3,0
11.525999999999954,0.3235453608122856,0.01237965696793708,0.3233084357026712,-1.2341802293007356,0.8207536703376832,0.8438649923187113,4.617485858426705,17,9,3,0
11.542999999999953,0.5490914005172177,-0.00825671395018901,0.5490293187041146,-0.9948512121752765,0.650859644230619,0.679744519808362,0.5579311382598968,17,9,3,0
11.559999999999953,0.5446650372547871,-0.008295152790410043,0.5446018667319663,-0.9948512121752765,0.820742615327071,0.8438863229589263,4.6174936702842535,17,9,3,0
11.576999999999952,0.31896185911146807,0.014527285219379849,0.3186308609535473,0.0025863710820606843,0.6508762544811187,0.6797741920910301,0.5572355998203237,17,9,3,0
11.593999999999951,0.3189733580310303,0.014527284959569897,0.3186423718297604,0.0025863710820606843,0.8207556872584417,0.8439118468037219,4.61740968008929,17,9,3,0
11.610999999999951,0.4223889482388906,0.038597407320921207,0.4206217585223797,-0.36219484002743735,0.6509131760735688,0.6819966950078621,0.5923829248159483,17,8,3,0
11.62799999999995,0.42078328100175466,0.03859231227630744,0.4190097886729731,-0.36219484002743735,0.8207850435387418,0.8456771688214727,4.621783007637708,17,8,3,0
11.64499999999995,0.323477751379633,-0.03941506173745779,0.32106745170735707,-0.9241367888424343,0.650917381010638,0.6819834879180342,0.5921834310225543,17,8,3,0
11.66199999999995,0.3194001092887323,-0.03944823040485801,0.31695467646270714,-0.9241367888424343,0.8207884989658967,0.8456685684672561,4.6217574423646255,17,9,3,0
11.678999999999949,0.3051372021274732,0.03760486897083126,0.3028111390815553,-0.5097389161407783,0.650911846256592,0.6820480818092222,0.5916821419795419,18,9,3,0
11.695999999999948,0.30356046958666516,0.03759780488971387,0.30122311292985415,-0.5097389161407783,0.8207839837991323,0.8457120585817157,4.621693239194123,18,9,3,0
11.712999999999948,0.15043706595184933,0.11089663191521026,0.10165258404026645,-0.9547137609936782,0.6384284018678992,0.6706887744170784,0.5814740515234367,18,9,3,0
11.729999999999947,0.14757269951907928,0.11086123208033882,0.09740374153479792,-0.954713760993678,0.8109204244935938,0.836519776609693,4.620397462629189,18,9,3,0
11.746999999999947,0.1295526356958689,0.08111645979113291,0.10101487695730782,-0.5567305384807146,0.6378807101588956,0.6668922913899371,0.5618413408415424,18,9,3,0
11.763999999999946,0.12762246893293008,0.08110442186728051,0.09853713680694653,-0.5567305384807146,0.8104888051492501,0.8335369706274872,4.617967770822332,18,9,3,0
11.780999999999946,0.16525939602847428,0.01761753967603852,0.16431765051709846,-1.2817372716587296,0.6378178029888096,0.6669334890088441,0.5625234656899127,18,9,3,0
11.797999999999945,0.15958201766646465,0.01755373612726885,0.15861363973654363,-1.2817372716587296,0.8104395297065974,0.8335690789215768,4.618050810626379,18,9,3,0
11.814999999999944,0.2025102162399478,0.08366333707196816,0.18442026383110033,0.10531688241006133,0.6377994405312266,0.6668284590295518,0.5623228290935934,18,9,3,0
11.831999999999944,0.20293698271640614,0.08366290628676154,0.18488898578793567,0.10531688241006133,0.8104246239537476,0.8334875697686991,4.618026375433015,18,9,3,0
11.848999999999943,0.15220764511073573,0.12356259180882034,0.08887886776755494,-0.6120095447845988,0.6377774995378755,0.6667577843458338,0.5625024542417949,18,9,3,0
11.865999999999943,0.15109390640606507,0.12355240882106955,0.0869722417070875,-0.6120095447845988,0.8104075275465005,0.8334239685431732,4.618048251274905,18,9,3,0
11.882999999999942,0.19091962006686333,0.03826305365237204,0.18704609071475176,-0.45956341251847904,0.6377582742693277,0.6666134760445199,0.5619374622540078,18,9,3,0
11.899999999999942,0.18891459417840475,0.038254851015565805,0.18500078450473723,-0.45956341251847904,0.8103924012283386,0.8333200322215525,4.617979466342357,18,9,3,0
11.916999999999941,0.14708899511634277,0.08735189218090511,0.11834195966245886,-1.1958795520108623,0.6377549976547607,0.6665278911666469,0.5612296219892945,18,9,3,0
11.93399999999994,0.1428081506823635,0.08729634985868984,0.1130199770070135,-1.1958795520108623,0.8103900406589755,0.8332551620970827,4.617893386455929,18,9,3,0
11.95099999999994,0.22490089029148724,0.07346038426651091,0.212565242684029,-0.607207955407541,0.6377473847461396,0.6664951913703011,0.5609432170489524,18,9,3,0
11.96799999999994,0.2223437526474798,0.07344606450580216,0.20986285986322883,-0.607207955407541,0.8103838705112287,0.8332313463814515,4.617858587357174,18,9,3,0
11.984999999999939,0.20016498302031857,0.12874783198863327,0.15326453009666352,-0.6135700745956228,0.6377432749468505,0.6664991236236221,0.5608733484142899,18,9,3,0
12.001999999999938,0.19807239735998858,0.12873321058356169,0.15053383370120343,-0.6135700745956228,0.8103806373485971,0.8332365953208456,4.617850100754313,18,9,3,0
12.018999999999938,0.3408996331403032,0.050605018591568296,0.33712266605575536,-0.1102179152342045,0.6377225542828782,0.6664915238179984,0.5607524696241463,18,9,3,0
12.035999999999937,0.3405600181790449,0.050604688323019786,0.33677929197300926,-0.1102179152342045,0.8103641720492615,0.833219691139966,4.617835420655953,18,9,3,0
12.052999999999937,0.18513518724983793,0.11433108241192258,0.1456140142724962,0.3978905461577887,0.6377242731784439,0.6664605808393081,0.560654515842452,18,9,3,0
12.069999999999936,0.1865274342725688,0.1143249336112433,0.14738484756274062,0.3978905461577887,0.8103653905773647,0.8332089099747949,4.617823526966974,18,10,3,0
12.086999999999936,0.18840838063365772,0.12312165042466461,0.14261408447170965,-1.3958660237130582,0.6377207194862334,0.666452002907256,0.560553684402612,19,10,3,0
12.103999999999935,0.18370055212719613,0.12304597917398041,0.13640227219864443,-1.3958660237130582,0.8103631028066269,0.8332039849515096,4.617811286006878,19,10,3,0
12.120999999999935,0.49353461948708965,0.08265303308539274,0.48656438089327025,-0.3065568063814385,0.6252928578914554,0.6564234946766284,0.5513862034318489,19,10,3,0
12.137999999999934,0.492188976461741,0.08264938314468395,0.48520002887083535,-0.30655680638143856,0.800619370463089,0.8251400648531739,4.616707418215947,19,10,3,0
12.154999999999934,0.44287633263724996,0.12364988916729658,0.4252648009407025,1.094226288925308,0.6251152465641943,0.6529180084219164,0.534955238555311,19,10,3,0
12.171999999999933,0.447541560757653,0.12360338776935009,0.4301344570449288,1.094226288925308,0.800480266260084,0.8224035634476274,4.614773856575524,19,10,3,0
12.188999999999933,0.4528748411067736,0.05449187978345549,0.44958453792935416,-2.3216009404896187,0.6251316478884811,0.6528755169493393,0.5355303766982819,19,10,3,0
12.205999999999932,0.4456795690419627,0.05434536593327266,0.4423537718421855,-2.3216009404896183,0.8004937715480838,0.8223607257499794,4.61484056327429,19,10,3,0
12.222999999999931,0.43741200552377774,0.0721931640135125,0.43141327013207587,-1.8424126427789709,0.6251344239042294,0.6527004761968926,0.5350326788259924,19,10,3,0
12.239999999999931,0.4293060152210909,0.07206133794278458,0.42321486065461755,-1.8424126427789709,0.8004959988563701,0.8222328791752403,4.614782834271498,19,10,3,0
12.25699999999993,0.21475199037000878,0.11975609272086274,0.1782607517770316,-0.8918277740951793,0.6251390072601078,0.652585763316698,0.5346516690640122,19,10,3,0
12.27399999999993,0.2114515055534983,0.11972520270450104,0.17429175263966812,-0.8918277740951793,0.8004993214753309,0.8221446866015075,4.614738675949928,19,10,3,0
12.29099999999993,0.23816122536819373,0.08155437010169919,0.2237624945923571,-0.139379239229838,0.6251383593544123,0.6525450315695537,0.5339741104939421,19,10,3,0
12.307999999999929,0.23757824535323946,0.08155361559884966,0.22314217541262593,-0.13937923922983797,0.8004986116283832,0.8221149530724369,4.614660224843532,19,10,3,0
12.324999999999928,0.2115542405672695,0.12569513263696308,0.1701644214675042,-2.1731858483758435,0.6251458268907886,0.6524475789730932,0.5338147490894516,19,10,3,0
12.341999999999928,0.2037443724913452,0.12551172957157064,0.1604947820393079,-2.1731858483758435,0.8005049967104282,0.8220398318745255,4.614641787443593,19,10,3,0
12.358999999999927,0.10362826261713169,0.07153617133654677,0.07497594950084618,0.4557681715833177,0.625138508183417,0.652425857276631,0.5334249428225105,19,10,3,0
12.375999999999927,0.10465629602452513,0.07153052393516646,0.07639584048319392,0.4557681715833177,0.8004986075513121,0.8220121688263082,4.614596711490654,19,10,3,0
12.392999999999926,0.2302296065702734,0.09525115308359489,0.20960174039770862,-0.4877441519895914,0.6251274931050237,0.6523918782529431,0.53309305055345,19,10,3,0
12.409999999999926,0.22825128512434714,0.09524191362679346,0.207431017568787,-0.4877441519895914,0.8004902128987438,0.8219995370957225,4.6145583581339125,19,10,3,0
12.426999999999925,0.22052084800265573,0.13042222797506042,0.17781869095747993,-1.6962436281704156,0.6251275937899086,0.6524011344036574,0.5329287462835215,20,11,3,0
12.443999999999924,0.21441284848593625,0.1303104877200525,0.17027050944310673,-1.6962436281704156,0.8004906000106288,0.8220087081674256,4.614539379904618,20,11,3,0
12.460999999999924,0.3626285333645845,-0.06536259012172252,0.3566891994758592,-0.9295283082841693,0.6150331145128919,0.6412912758484758,0.5263220239783122,20,11,3,0
12.477999999999923,0.3585664140618115,-0.06539614692914597,0.35255243193029884,-0.9295283082841695,0.7926329474308145,0.813173727137947,4.613781043027485,20,11,3,0
12.494999999999923,0.38692220943061395,-0.02752476457844466,0.38594194315410846,-1.620986782288538,0.6136709574570938,0.6398341691007702,0.5143879386526738,20,11,3,0
12.511999999999922,0.37973485718835776,-0.02762681032305636,0.37872855862112687,-1.620986782288538,0.7915763293080803,0.8120516200748505,4.612434887508604,20,12,3,0
12.528999999999922,0.2761031822487675,0.004179456427308992,0.2760715475956701,-0.05258699580518553,0.6136296103515896,0.6393851687781672,0.512902387313617,21,12,3,0
12.545999999999921,0.2759393697197367,0.004179381244313163,0.27590771742330844,-0.05258699580518553,0.7915436316317869,0.8116945040131254,4.6122694521230185,21,12,3,0
12.56299999999992,0.26383648669068893,0.007200582892764373,0.2637382098128569,-1.8540554904185482,0.602662377286785,0.6301471508189338,0.505984688983917,21,12,3,0
12.57999999999992,0.25558573283351643,0.007067085593746469,0.25548800975634123,-1.8540554904185482,0.7830731399387271,0.8044005018529987,4.611505301478175,21,12,3,0
12.59699999999992,0.3386316338330089,-0.022058924013492742,0.33791239590133415,-0.4867751541057014,0.6025702721958985,0.6279392127137396,0.4993470594610879,21,12,3,0
12.613999999999919,0.33647045786911034,-0.022068126795048215,0.3357459855283551,-0.4867751541057014,0.7830014633035329,0.8026969540191538,4.610781726114086,21,12,3,0
12.630999999999919,0.43560270024309095,-0.04661435402140057,0.4331013905060104,-0.6554343378663996,0.6024193954674673,0.6273393209780873,0.49709956038155834,21,12,3,0
12.647999999999918,0.43270435492579323,-0.046631038727610985,0.4301843848850524,-0.6554343378663996,0.7828853931194911,0.8022356419042962,4.610538863626106,21,12,3,0
12.664999999999917,0.3053461147167879,0.0012579474805960444,0.3053435234957078,0.6010939670604276,0.6023628270549263,0.6269382581243138,0.49517572180662056,21,12,3,0
12.681999999999917,0.3080212087026061,0.0012439146373282028,0.308018696976319,0.6010939670604276,0.7828413845543241,0.8019286487632085,4.610331835729601,21,12,3,0
12.698999999999916,0.1775723740900793,-0.0045350130211829764,0.1775144548956078,-1.2154823034713547,0.6023793701734942,0.6267173657899642,0.49462022159706326,21,12,3,0
12.715999999999916,0.17378824377217966,-0.0045751776680447165,0.17372800989686255,-1.2154823034713547,0.7828546469691031,0.8017508377222302,4.610272204944941,21,12,3,0
12.732999999999915,0.1346714309754019,-0.04152263307618398,0.1281103636064742,-1.020802845904835,0.6023758674719892,0.6264969080831803,0.4943784807618222,21,12,3,0
12.749999999999915,0.13037024654620838,-0.04156310344630754,0.1235674294319935,-1.020802845904835,0.7828520167697056,0.8015893856071185,4.610246275668528,21,12,3,0
12.766999999999914,0.257739819780167,-0.04667157452163906,0.2534789514574811,-0.9373338095370602,0.6023565168966885,0.6264016030397993,0.49399218431334835,21,12,3,0
12.783999999999914,0.2536446855384318,-0.04670569725388418,0.24930744943927863,-0.9373338095370602,0.7828370868596827,0.8015172995685502,4.610204867274104,21,12,3,0
12.800999999999913,0.4577397096480428,-0.07009406511451743,0.4523410923455842,-1.7713421474434636,0.6023720460001216,0.6270903183704862,0.5131353202972447,21,11,3,0
12.817999999999913,0.44997102988269,-0.07021591783831127,0.44445883118216045,-1.7713421474434636,0.7828493390446114,0.8020498369876622,4.6122953609902,21,11,3,0
12.834999999999912,0.27994651185278485,-0.05718068747933103,0.2740445556436626,-0.9988378606940375,0.6023757112286064,0.627030013446688,0.5131453816810532,21,11,3,0
12.851999999999911,0.2756045727094404,-0.05721943499946747,0.26959936342041857,-0.9988378606940375,0.7828518821045551,0.8020044591552721,4.6122964803680775,21,11,3,0
12.868999999999911,0.3763816204866481,0.007326645083736594,0.3763103034889852,-1.1924038400130943,0.6023664196928236,0.6270102790066153,0.5129756777836612,21,11,3,0
12.88599999999991,0.37266701147288367,0.007287991121600612,0.3725957415558341,-1.1924038400130943,0.782844667862311,0.8019813697491118,4.612277602884801,21,11,3,0
12.90299999999991,0.2990338559830995,-0.03903153920852276,0.2964756077169497,-0.4075797143009598,0.6023550155662142,0.6269910261732452,0.5125533847753283,21,11,3,0
12.91999999999991,0.29723636131543935,-0.03903799111716921,0.2946616529811408,-0.4075797143009598,0.7828357354308807,0.8019778444873871,4.612230654717933,21,11,3,0
12.936999999999909,0.16421453388891308,0.04709060696559675,0.15731779262360845,-0.21700629873610733,0.6023647937694143,0.6269893295515206,0.5122691561306163,21,11,3,0
12.953999999999908,0.16328899982316952,0.047088777985081265,0.15635198895800073,-0.21700629873610733,0.7828431929875739,0.8019787925506409,4.612199077273003,21,11,3,0
12.970999999999908,0.2049052053949146,-0.07179141248572307,0.19191700365323783,-0.7967107031397501,0.6023616270221429,0.6269828259041752,0.5122219602550351,21,11,3,0
12.987999999999907,0.20159684620016555,-0.07181606488683201,0.18837128555600913,-0.7967107031397501,0.7828409608321446,0.8019750055909172,4.612193835545366,21,11,3,0
13.004999999999907,0.30128288023204275,-0.027012928434103856,0.30006945132473817,0.007468496587079279,0.6023536549314709,0.6269806410074839,0.5123293477400904,21,11,3,0
13.021999999999906,0.3013159857818169,-0.027012930600463392,0.3001026905378268,0.007468496587079279,0.7828345428785244,0.8019746920465207,4.612205763041253,21,11,3,0
13.038999999999906,0.36532379886349337,-0.08516783176060017,0.3552575382018688,1.0864627308212038,0.6023544505889129,0.6269895771774302,0.512173287339634,21,11,3,0
13.055999999999905,0.3686233763121964,-0.08519992249182451,0.35864211516662436,1.0864627308212038,0.7828348932544084,0.8019708060030144,4.612188430272494,21,11,3,0
13.072999999999904,0.2342116293532083,-0.09120184436231682,0.21572508178048366,-0.8653006617447604,0.6023593639803547,0.6270721960845378,0.5116990670459632,22,12,3,0
13.089999999999904,0.23068101027362392,-0.09123092411689981,0.21187413005281286,-0.8653006617447604,0.7828392381948734,0.8020491165379456,4.612135793240575,22,12,3,0
13.106999999999903,0.3883192521535125,-0.12143755553763924,0.36884246189681846,-0.8132412473590539,0.5938070810153631,0.6166500722550967,0.5067694266627744,22,12,3,0
13.123999999999903,0.3848912710625853,-0.12146324153445676,0.3652231803926398,-0.8132412473590539,0.7762783297702418,0.7938910778845527,4.611591470617847,22,12,3,0
13.140999999999902,0.30938224197542175,-0.12555258665170754,0.2827612413942262,-2.344624756896088,0.5929885723927875,0.6159199446946111,0.5013991847178905,22,12,3,0
13.157999999999902,0.2999671498602674,-0.1257660636106266,0.2723291909421022,-2.344624756896088,0.7756533312006131,0.7933372446789431,4.611004422304421,22,12,3,0
13.174999999999901,0.31559064208446547,-0.0871343456497442,0.30332335745780625,-1.5351959547832783,0.5926692873784335,0.6153427302313115,0.49801252768131676,22,12,3,0
13.1919999999999,0.3090560640623827,-0.0872258763050695,0.2964916478360635,-1.535195954783278,0.7754085013614512,0.7929000592394534,4.610637387368768,22,12,3,0
13.2089999999999,0.29990563226314804,-0.09741723686848047,0.28364285681833934,-0.018294904783161977,0.5925022976517839,0.6152774059600244,0.49731054967384986,22,12,3,0
13.2259999999999,0.2998517303053729,-0.09741724596810286,0.2835858606403292,-0.018294904783161977,0.7752799391464121,0.7928421719672661,4.610561616863185,22,12,3,0
13.242999999999899,0.1511472957382941,0.012630844842405509,0.15061861361586892,0.10996488413145467,0.5924046656340562,0.6152149685868661,0.4962758977598181,22,12,3,0
13.259999999999899,0.15163495855283857,0.012630375194035537,0.1511080218842764,0.10996488413145467,0.7752052606190447,0.792806764062234,4.610450130602485,22,12,3,0
13.276999999999898,0.3385289510116721,-0.07333259785208668,0.330490817974308,-0.6931780512847322,0.5921973706152417,0.6151005484345706,0.49320951858313594,22,12,3,0
13.293999999999897,0.33552197063615735,-0.07335125946720211,0.3274058422113839,-0.6931780512847322,0.775047230308232,0.7927248157560742,4.61012106883281,22,12,3,0
13.310999999999897,0.24388024046124904,-0.02854635655454274,0.2422037927343368,0.2917153860214915,0.5921552590963186,0.6151288778779694,0.49332100486689545,22,12,3,0
13.327999999999896,0.24517006223451715,-0.02854978955932097,0.24350209225424635,0.2917153860214915,0.775014610016207,0.7927475812831005,4.610132997421879,22,12,3,0
13.344999999999896,0.3018935326912478,-0.0884600584306412,0.2886425525511598,-0.10965207619344099,0.5921249319553582,0.6151296056639578,0.4932970918185081,22,12,3,0
13.361999999999895,0.301427065859088,-0.08846038218798924,0.2881545363439102,-0.10965207619344099,0.7749916117860374,0.7927492693845938,4.610130438596261,22,12,3,0
13.378999999999895,0.126706090847576,-0.001082108565043427,0.1267014699951332,-0.9920683976830182,0.5920970743904828,0.6151907505836325,0.493058011971815,22,12,3,0
13.395999999999894,0.12361586933065359,-0.001107363793892091,0.12361090929121588,-0.9920683976830182,0.7749705775395545,0.7927844797835377,4.61010486249985,22,12,3,0
13.412999999999894,0.13990289670864114,-0.026169460248326004,0.13743354706104327,0.517261102743608,0.5920632616329812,0.6152579719350161,0.492528062736617,22,12,3,0
13.429999999999893,0.1421671933232896,-0.02618140417010295,0.13973562513941573,0.517261102743608,0.7749442226342299,0.7928523981443044,4.610048213702135,22,12,3,0
13.446999999999893,0.12891481938499993,-0.0482512906863235,0.11954431648627661,-0.12056331987833106,0.5920359964688883,0.6153429085249149,0.49200413570782753,22,12,3,0
13.463999999999892,0.12841743989382126,-0.04825139365078712,0.11900773873845338,-0.12056331987833106,0.7749236515116783,0.7929196908691926,4.6099922678491305,22,12,3,0
13.480999999999892,0.193101034774862,-0.04049247695583347,0.18880775657028437,-0.8112493990586945,0.5920317573479378,0.6154369187116262,0.4919048742714642,22,12,3,0
13.497999999999891,0.18957680812949865,-0.040513246783035584,0.18519730833806847,-0.8112493990586945,0.7749206803198763,0.7929938671404418,4.609981675170432,22,12,3,0
13.51499999999989,0.1841765709138586,-0.05536784547440732,0.17565708343562392,-0.1918685767862937,0.5920260842948131,0.615483026595049,0.4921288041681636,22,12,3,0
13.53199999999989,0.1833622217063749,-0.055367509768956324,0.17480315560962367,-0.1918685767862937,0.7749160795663724,0.7930305858081431,4.610005574830377,22,12,3,0
13.54899999999989,0.09104704275364384,-0.01739038191168163,0.08937079283048632,-0.2512753835938082,0.5920302685625356,0.6155635202951532,0.4920864592657882,22,12,3,0
13.565999999999889,0.09027866194185225,-0.017389907741829802,0.08858796707647087,-0.25127538359380824,0.7749192723893962,0.7930783743726127,4.6100010546059424,22,12,3,0
13.582999999999888,0.19419164827353413,-0.08339338553601294,0.17537371384570122,-0.8952140902991141,0.5920310516809326,0.6156118128256413,0.4920736331820421,22,12,3,0
13.599999999999888,0.19060874696047192,-0.08341050843132791,0.1713895606537008,-0.8952140902991141,0.7749201258034262,0.7931323728897347,4.609999685525818,22,12,3,0
13.616999999999887,0.268968393269159,-0.103597142797895,0.248216898260182,-0.366933173782977,0.5920297208764221,0.6157026539931024,0.49210208551956797,22,12,3,0
13.633999999999887,0.2674614176748536,-0.10359547905292743,0.24658383293402864,-0.366933173782977,0.7749188786398826,0.7932040073350969,4.610002722629116,22,12,3,0
13.650999999999886,0.17336087410844883,-0.03591690340670084,0.1695994360878572,-0.29587735886658073,0.5920510635033887,0.6158132772584478,0.4919296848015381,22,12,3,0
13.667999999999886,0.1720720791102695,-0.03591326035824238,0.16828261389630228,-0.29587735886658073,0.7749351296316749,0.7932910421711152,4.609984322626716,22,12,3,0
13.684999999999885,0.1703616348645554,-0.009535751646353674,0.17009455039554666,-0.6944928736615366,0.5920468854573941,0.6158876266563215,0.49205343165647014,23,13,3,0
13.701999999999884,0.16727554189649932,-0.009533200940140318,0.16700366761422458,-0.6944928736615366,0.774932063519292,0.7933498005651273,4.609997529248803,23,13,3,0
13.718999999999884,0.4239352927279021,-0.17934498093235618,0.3841308504073382,-2.5407125808773925,0.583174434568284,0.6067492979386361,0.48690763894651523,23,13,3,0
13.735999999999883,0.4168247385490338,-0.17945395295262756,0.3762168808495261,-2.540712580877393,0.7681758900711264,0.78623241104456,4.609451126646168,23,13,3,0
13.752999999999883,0.2693106614226335,-0.08476549867258143,0.25562285224659576,-0.32155764445942114,0.5823325482654039,0.6054560109136677,0.47903820040633743,23,13,3,0
13.769999999999882,0.26794948538055574,-0.08475536165033759,0.25419176892107487,-0.3215576444594211,0.7675356665583833,0.7852603896750843,4.608626502280664,23,13,3,0
13.786999999999882,0.3764675127096182,-0.10213109460156033,0.36234931715301144,-1.0401377824836473,0.5823620247660496,0.6051427881872696,0.47771629517906206,23,13,3,0
13.803999999999881,0.37201118675487244,-0.1021205447293454,0.3577201663520668,-1.0401377824836473,0.7675583586070215,0.7850245965820725,4.608489285954213,23,13,3,0
13.82099999999988,0.29577290043598514,-0.09025410646542298,0.28166612309335903,-0.6653967372145089,0.5822950125882095,0.6051087823613374,0.47747957418119097,23,13,3,0
13.83799999999988,0.29351224399266895,-0.09023624476951397,0.27929707750620736,-0.665396737214509,0.7675072776079437,0.7849908192949333,4.608464753454822,23,13,3,0
13.85499999999988,0.3051458390037761,-0.10990072723967614,0.28466789986492813,-0.11483739763724148,0.5822607624607076,0.6050557474119089,0.4771599889495559,23,13,3,0
13.871999999999879,0.3047622943183534,-0.10989466503160372,0.28425906957523495,-0.11483739763724118,0.7674810259248881,0.7849512901715574,4.608431652431172,23,13,3,0
13.888999999999879,0.4270341571811633,-0.24100129097737977,0.35252879193998155,0.4975395910888352,0.5822383873961324,0.6050373561352216,0.4769019465116925,23,13,3,0
13.905999999999878,0.42833403455459296,-0.24103632283673448,0.354078432315724,0.49753959108883505,0.7674638464219871,0.7849336111395064,4.6084049416974855,23,13,3,0
13.922999999999877,0.32860105548252794,-0.11167725162273712,0.3090418177758849,0.629474509856512,0.5822353747889311,0.6050377298885635,0.4766951953563428,23,13,3,0
13.939999999999877,0.33072880599047016,-0.1117358186722015,0.31128226730338326,0.6294745098565128,0.7674613901091825,0.7849398042389708,4.60838355059027,23,13,3,0
13.956999999999876,0.2790684696415017,-0.10396720484376942,0.2589788235841368,0.22177015537193634,0.5822226691063486,0.6051051049962817,0.476418661661639,23,13,3,0
13.973999999999876,0.27980846755255473,-0.10398686840146354,0.2597681845687916,0.22177015537193634,0.7674518632773779,0.7849927306906609,4.6083549539130155,23,13,3,0
13.990999999999875,0.3500087450188103,-0.14229127160950839,0.3197801050931588,0.4031866576677057,0.5822259852907485,0.6051551786292518,0.47620941650308235,23,13,3,0
14.007999999999875,0.35133696819341065,-0.14233257422159795,0.3212150425101399,0.4031866576677057,0.7674542699420744,0.7850326095326755,4.608333326533723,23,13,3,0
14.024999999999874,0.1865539584455328,-0.06726539587145908,0.1740050169677687,0.6891505903622726,0.5822381651178222,0.6051752352323859,0.47615059178520014,23,13,3,0
14.041999999999874,0.18887364380512778,-0.06735058584682463,0.17645722402416908,0.6891505903622728,0.7674633239607349,0.785048710294996,4.608327248159853,23,13,3,0
14.058999999999873,0.29429574277137693,-0.13442232782421115,0.26180263939784254,0.6742814352842121,0.582229937218745,0.6052509049113862,0.4760233061502537,23,13,3,0
14.075999999999873,0.2964732537486006,-0.13451347873680675,0.26420165447325417,0.6742814352842125,0.7674570290326865,0.7851080550077694,4.608314098243889,23,13,3,0
14.092999999999872,0.28442393857322085,-0.1239896458401688,0.25597567180873426,-0.7568557629573787,0.5822149846879512,0.6053400780165209,0.4759796861378925,23,13,3,0
14.109999999999872,0.28227481318102776,-0.12392175163844854,0.2536187485720305,-0.7568557629573787,0.7674462007896559,0.7851721378519578,4.608309592647948,23,13,3,0
14.126999999999871,0.3407227866157623,-0.18220146621703748,0.2879142980603291,-0.7687886411315265,0.5822241109741786,0.6053684741254916,0.47577351301470927,23,13,3,0
14.14399999999987,0.338367092257366,-0.18211406510025085,0.2851784641507251,-0.7687886411315262,0.7674530041394458,0.7852000905464602,4.608288302153146,23,13,3,0
14.16099999999987,0.2914154954973166,-0.1777934345255261,0.23089496671769183,-2.5894999951698625,0.5822175539102712,0.6054496818140228,0.47572523553008184,23,13,3,0
14.17799999999987,0.28405721982934296,-0.17761627259413615,0.22167761241708916,-2.5894999951698625,0.7674486214642119,0.7852635860114224,4.6082833180909475,23,13,3,0
14.194999999999869,0.1846489545741073,-0.08315985550137839,0.16486259387229296,-0.5934664002111415,0.5823227271370992,0.6058071221979334,0.4933982514877585,23,12,3,0
14.211999999999868,0.1827281381789601,-0.08307588328014504,0.1627512522212129,-0.5934664002111419,0.7675274977511418,0.7855351692881466,4.610141264066248,23,12,3,0
14.228999999999868,0.23458546840205136,-0.1283084862245687,0.1963855247928663,-0.6331447793720051,0.5823145794614509,0.6058809677663707,0.49329659190050157,23,12,3,0
14.245999999999867,0.23264896278509684,-0.12820983664236962,0.1941334017450842,-0.6331447793720051,0.7675212350565108,0.7855931737455835,4.610130385103638,23,12,3,0
14.262999999999867,0.2148427097491083,-0.14147908316867586,0.16168196856202144,-0.05248142523081319,0.5823101951472228,0.6059647197095441,0.4931695455135011,23,12,3,0
14.279999999999866,0.21469578365470837,-0.14146916221891104,0.161495373494688,-0.05248142523081279,0.7675175691681249,0.7856585693487823,4.6101167925224145,23,12,3,0
14.296999999999866,0.0857750605644591,-0.03698587020113564,0.07739125545112557,0.0057441201532779035,0.5823234103441938,0.6060747276447975,0.49305380850279373,23,12,3,0
14.313999999999865,0.08579162591025556,-0.03698690422949369,0.07740912085693452,0.005744120153278302,0.7675276392560225,0.7857387463174577,4.61010441293408,23,12,3,0
14.330999999999865,0.21990139801815492,-0.089632375527259,0.20080503506555658,0.2493144388468781,0.5822940017736472,0.6061529657906793,0.49274309318725107,23,12,3,0
14.347999999999864,0.2207336983541537,-0.08968918439829565,0.2016908916909017,0.2493144388468777,0.7675049904231506,0.7858053797226661,4.6100711920705635,23,12,3,0
14.364999999999863,0.16728010780871008,-0.08453807232785948,0.14434662724006841,-0.7577593541952233,0.5823006468443888,0.6062554748001896,0.4927683433682557,23,12,3,0
14.381999999999863,0.16487989391902805,-0.08437827264910425,0.141653402795356,-0.757759354195223,0.7675103471383165,0.7858853251893374,4.610073890980606,23,12,3,0
14.398999999999862,0.15386748420630356,-0.08090044324754331,0.13088285211718187,0.5619983400111447,0.5823053723426254,0.6063626060709617,0.4927294131118041,23,12,3,0
14.415999999999862,0.15520091808483533,-0.08101247631914532,0.13237939286390343,0.5619983400111455,0.7675137679532026,0.7859570737304619,4.610069729908721,23,12,3,0
14.432999999999861,0.16576942705800835,-0.03268610505779179,0.16251498848811252,-0.0017682210276905126,0.5822990022556803,0.6064208894973648,0.4926088877118906,23,12,3,0
14.44999999999986,0.16576474121449628,-0.03268575109792948,0.16251027999813772,-0.0017682210276897174,0.7675090242319106,0.7860025329240942,4.610056849576576,23,12,3,0
14.46699999999986,0.15947762560932816,-0.05398536546678656,0.15006229834774132,-0.6707842086190732,0.5822968610646616,0.6065086404342556,0.49252863564446875,23,12,3,0
14.48399999999986,0.1577525360475547,-0.05385244339829853,0.14827601616400443,-0.6707842086190724,0.7675075221900531,0.7860708574544476,4.610048274910466,23,12,3,0
14.50099999999986,0.07254937456445144,-0.07215793945431415,0.007526189168537201,0.8555982126891762,0.5823035030947328,0.606568387758784,0.49236121984072273,23,12,3,0
14.517999999999859,0.07302973104645505,-0.07236904862796223,0.009801143678224378,0.8555982126891762,0.7675120136443723,0.7861172625768085,4.6100303915352026,23,12,3,0
14.534999999999858,0.288788769554291,-0.19083991999596606,0.21674657634346772,-2.118137757571219,0.5822697687586741,0.6066501922177491,0.49200347156704144,23,12,3,0
14.551999999999857,0.28356613991023016,-0.19036932068209467,0.21016488157307833,-2.1181377575712195,0.7674871163539344,0.786186909729333,4.609992196968362,23,12,3,0
14.568999999999857,0.31560363146597603,-0.2211305807345667,0.22518196743634888,-0.6333501594796029,0.5822773841639837,0.606708579568354,0.49210422846433555,23,12,3,0
14.585999999999856,0.3142981863234924,-0.22098022648648907,0.22349740362746218,-0.6333501594796029,0.7674925133861283,0.786226189415394,4.610002951381663,23,12,3,0
14.602999999999856,0.13188966774065983,-0.07296709275914282,0.10986668207887362,-0.7127176435316382,0.5822885555234779,0.6068255213802644,0.4921120282835104,23,12,3,0
14.619999999999855,0.13021655103304525,-0.07279054783342076,0.10797169216536417,-0.7127176435316382,0.7675009317799792,0.7863170856741659,4.610003783995896,23,12,3,0
14.636999999999855,0.06653152034262994,-0.05772513694448378,0.03307947647473242,1.3227501076016228,0.5822910331143017,0.6069316150320393,0.4918981157515545,23,12,3,0
14.653999999999854,0.06868690848965396,-0.058130822723171605,0.036588233728799935,1.322750107601622,0.7675021461861561,0.7863993601475424,4.609980954012185,23,12,3,0
14.670999999999854,0.1484296142717925,-0.08981562158274414,0.11817150465564197,-0.9622325558381969,0.5822690234979914,0.6070612642741712,0.4916367077499712,24,13,3,0
14.687999999999853,0.1462438574197799,-0.08955675849507827,0.11561510645616835,-0.9622325558381961,0.7674860622082288,0.7864999789910603,4.609953068360066,24,13,3,0
14.704999999999853,0.0975013120836126,-0.07251647354719637,0.06517566203963554,-0.2537362600227299,0.5743429869146726,0.5976999943687384,0.48704376047238157,24,13,3,0
14.721999999999852,0.09699563903049008,-0.07244028691982862,0.0645023939238385,-0.2537362600227299,0.7614882293404613,0.7792759567428756,4.609465507484598,24,13,3,0
14.738999999999852,0.03042713614978679,0.016013965822480714,0.025872060469048108,0.7570160097583377,0.5736125051509814,0.5966909695612495,0.480616622582243,24,13,3,0
14.755999999999851,0.03202280878273161,0.015758083878608886,0.027877286001512402,0.7570160097583369,0.7609377392194738,0.7785123216388458,4.608790836865731,24,13,3,0
14.77299999999985,0.09998180202038795,-0.08406340327866246,0.05412674906599335,-0.7927781334720538,0.5733262501579259,0.5964711343146399,0.4783762620918303,24,13,3,0
14.78999999999985,0.09842670241809875,-0.08377100792068859,0.051674306776703816,-0.7927781334720523,0.7607224413812766,0.7783524561618429,4.60855774491414,24,13,3,0
14.80699999999985,0.0918166867318491,0.007341862916092623,-0.09152268031114374,-1.1185964327858295,0.5732289145846999,0.5964688963870524,0.47796848437090994,24,13,3,0
14.823999999999849,0.0948012676794347,0.007702265472900649,-0.09448785879790478,-1.1185964327858287,0.7606495940509039,0.778346840370393,4.608515434728084,24,13,3,0
14.840999999999848,0.08496310991937614,0.01529702512665665,-0.083574703525926,-0.2747083143279602,0.5731301255171256,0.5964082572818078,0.4765469474179878,24,13,3,0
14.857999999999848,0.0856958500660778,0.015394536397735692,-0.08430176135554035,-0.2747083143279602,0.7605749168438093,0.778302109050355,4.608368218053823,24,13,3,0
14.874999999999847,0.062249461803486214,-0.039595574633992214,-0.048033175662531846,0.26853545784378985,0.5730410931679198,0.5964505394882866,0.4763018102156237,24,13,3,0
14.891999999999847,0.06176903670754098,-0.039697723825881326,-0.047323404556536275,0.26853545784378985,0.7605076589402008,0.7783349753859324,4.608342875100533,24,12,3,0
14.908999999999846,0.0617850179017273,-0.05783079247350997,-0.021748284507118854,0.24521515367215863,0.5731383257783083,0.5966596217324315,0.4914525610342051,24,12,3,0
14.925999999999846,0.06165041558131969,-0.057927015864990494,-0.021100582321977868,0.24521515367215863,0.7605808564977392,0.7784942135195302,4.609933433339601,24,12,3,0
14.942999999999845,0.06810891262074345,0.042361564297692667,-0.05333218398521211,-0.0909689330624052,0.5731479902771361,0.5967485151118621,0.49117212544067984,24,12,3,0
14.959999999999845,0.06831974878131837,0.04239800634647395,-0.05357235417066164,-0.09096893306240361,0.7605881474671764,0.7785629735280886,4.609903545290842,24,12,3,0
14.976999999999844,0.08437008920708793,-0.06477832025996122,-0.05405627786954881,-0.33933034570542125,0.5731354809525071,0.5967916883696652,0.49102002877490775,24,12,3,0
14.993999999999843,0.08484039982419028,-0.06463907536127067,-0.054951645824019124,-0.33933034570541964,0.7605787252699238,0.7785965562660814,4.609887342303852,24,12,3,0
15.010999999999843,0.14711500080225473,-0.052096912933649264,-0.1375817397906829,-0.6288814251259808,0.5731244495795212,0.5968416329527766,0.4909763256323898,24,12,3,0
15.027999999999842,0.14857516905904447,-0.05183359247442354,-0.13924029428336837,-0.6288814251259808,0.7605704213130484,0.7786352494410964,4.6098826874885495,24,12,3,0
15.044999999999842,0.07565824444519961,-0.06695877119349802,-0.035223471049661725,-0.8418301636403195,0.5731121472859376,0.5968933898244627,0.4909798728346422,24,12,3,0
15.061999999999841,0.07653145625351405,-0.06653801238715573,-0.03781212376804888,-0.8418301636403195,0.7605606790183731,0.7786813301217248,4.609883065285267,24,12,3,0
15.07899999999984,0.09074160052879336,-0.031223296371564402,-0.08520060933010143,-1.5355045574210748,0.5731243943473818,0.5970071832863149,0.49085477609811307,24,12,3,0
15.09599999999984,0.0943379052289562,-0.030568113056745005,-0.08924814186938335,-1.5355045574210748,0.7605704965818544,0.7787632462841437,4.609869743419384,24,12,3,0
15.11299999999984,0.06408542766573382,-0.06401547512332684,0.0029934902429644694,-0.05851926866208743,0.5731022658307198,0.5970776329929364,0.4908762155934695,24,12,3,0
15.12999999999984,0.06405068779876978,-0.0639877070572652,0.0028397100290504795,-0.05851926866208743,0.7605533104390444,0.7788175190340605,4.609872026326818,24,12,3,0
15.146999999999839,0.10857047842576409,0.02598235308347796,-0.10541568248531519,0.3048999054989322,0.5731194821291239,0.5971755788116009,0.4908004078524082,24,12,3,0
15.163999999999838,0.10775751591472452,0.025831021875703186,-0.10461568020602385,0.3048999054989338,0.7605660672854352,0.7788930255915599,4.609863954654546,24,12,3,0
15.180999999999838,0.04979770670641333,-0.049303691137993155,0.006996973158969411,-0.74160126546887,0.5731013234304104,0.5972451541007152,0.4907537078835551,24,12,3,0
15.197999999999837,0.0492020957269238,-0.048942257988926485,0.005049911570189636,-0.7416012654688684,0.7605526489961353,0.7789467733123494,4.609858982862342,24,11,3,0
15.214999999999836,0.06697429650344888,-0.06688520438609658,0.003453378977461341,-2.8388268302644124,0.5733934712376152,0.597730193769416,0.5125066712592345,24,11,3,0
15.231999999999836,0.06571441817722035,-0.0655916301391386,-0.004015322161549761,-2.8388268302644106,0.7607725458196921,0.779313760772573,4.612225463717095,24,11,3,0
15.248999999999835,0.050667344059772634,-0.0038083481964434895,-0.05052401644847748,-1.3690578524169643,0.573384956233687,0.5978054964710731,0.5123499646742644,24,11,3,0
15.265999999999835,0.05420339667267482,-0.0031164708851179057,-0.0541137304210082,-1.369057852416966,0.7607654239615614,0.7793718603589176,4.612208053240539,24,11,3,0
15.282999999999834,0.047494318539612765,-0.04743851231548035,0.0023017043329289777,0.8941650871916543,0.5733461356684475,0.5978729978258496,0.5121314596670784,24,11,3,0
15.299999999999834,0.048297587518673656,-0.048035720582873864,0.005022599745949208,0.8941650871916527,0.7607344115744105,0.7794294586025761,4.612183785589631,24,11,3,0
15.316999999999833,0.13619473305091157,-0.1354850339424587,-0.013885636046644834,-0.6752638536581548,0.573343373617087,0.597927986272417,0.5122524378219185,24,11,3,0
15.333999999999833,0.13601579478453665,-0.1351124598088802,-0.015649908474586027,-0.6752638536581563,0.760733626125976,0.7794667603377032,4.612197220428638,24,11,3,0
15.350999999999832,0.20778501051266188,-0.19461881154236949,0.07278824621862157,-2.000543725888566,0.5733076984362094,0.5979822358614114,0.5120826236181066,24,11,3,0
15.367999999999832,0.20499714210529188,-0.193546194841133,0.06755515327386519,-2.0005437258885643,0.7607071976095143,0.7795089154857817,4.612178363147588,24,11,3,0
15.384999999999831,0.20660975505023366,-0.0391356709150017,-0.20286939183610286,0.45757773268411955,0.5733391386101238,0.5980801801752167,0.5121859227923522,24,11,3,0
15.40199999999983,0.20549449074691856,-0.039413145712600794,-0.2016794230266754,0.4575777326841211,0.7607297660149198,0.7795842485750699,4.612189833428565,24,11,3,0
15.41899999999983,0.1309619435902866,-0.10559948166610411,-0.077458247726085,-2.1787249306708234,0.5732946945012722,0.5981368066760524,0.5120288428448216,24,11,3,0
15.43599999999983,0.13344751760570342,-0.10437875641611072,-0.0831463478701906,-2.178724930670825,0.7606972556492791,0.7796286417366305,4.612172392265945,24,11,3,0
15.452999999999829,0.13023373001066077,-0.12180840616314015,-0.04608184697345763,-1.4193008701934953,0.5732676548475312,0.5982008711426579,0.5119451740243897,24,11,3,0
15.469999999999828,0.1308054225957966,-0.12096425425717428,-0.04977657855327777,-1.4193008701934953,0.7606765032757815,0.7796780535524098,4.6121631043667595,24,11,3,0
15.486999999999828,0.14722522209060152,-0.11525368975577521,-0.09160705768283606,-1.029319683835925,0.5732554483979658,0.5982910401977967,0.5118316186833164,24,11,3,0
15.503999999999827,0.14840978918950173,-0.11461524512641574,-0.09428049168244712,-1.029319683835925,0.7606670587232783,0.7797476484341225,4.612150501225989,24,11,3,0
15.520999999999827,0.08592647522214648,-0.030385049462637426,-0.08037479650521817,-2.3546358367884164,0.5732618137987993,0.598365723060226,0.5120023259925863,24,11,3,0
15.537999999999826,0.09121624936102819,-0.028957382371061158,-0.08649782745080614,-2.3546358367884146,0.760672182453381,0.7798056889399267,4.61216944852387,24,11,3,0
15.554999999999826,0.12868802416277245,-0.1010631139344298,-0.0796671485920939,0.06603417980669912,0.5732229880873644,0.5984534612632154,0.5117777400552065,24,11,3,0
15.571999999999825,0.12860590958706866,-0.10111525322292891,-0.07946814170710326,0.06603417980669912,0.7606411209702084,0.7798793410749671,4.612144522376893,24,11,3,0
15.588999999999825,0.20204935825429016,0.03772287137836372,-0.19849667036487517,-1.9482355017921655,0.5732267141440766,0.5985594782536675,0.5119180037045125,24,11,3,0
15.605999999999824,0.20724342016538394,0.038982462282575625,-0.20354410538316614,-1.948235501792164,0.7606454067789804,0.7799554968305628,4.612160088569344,24,11,3,0
15.622999999999823,0.1586387387139199,0.04111235908160893,-0.15321887400541812,-1.3142873840311369,0.5731886064891887,0.5986657279475593,0.5115519371404468,24,11,3,0
15.639999999999823,0.16214820576014932,0.04200048849763505,-0.1566141743176388,-1.3142873840311369,0.7606164615723569,0.7800374497311617,4.612119472050492,24,11,3,0
15.656999999999822,0.22750238513466814,-0.023656997495024257,-0.22626904717942153,-0.5115285552518493,0.5731669601755065,0.5987448677087647,0.5113986842701055,24,11,3,0
15.673999999999822,0.22877514230814316,-0.023294688041715972,-0.22758607876394876,-0.5115285552518524,0.7605998254676765,0.7800984280921864,4.612102476566231,24,11,3,0
15.690999999999821,0.08533079621086108,-0.00797354370439507,-0.08495744454003784,0.059974011556095386,0.5731418671244822,0.5988094596667449,0.5114248702707587,24,11,3,0
15.70799999999982,0.08518168747276182,-0.008017741773144849,-0.0848035122949895,0.059974011556095386,0.7605806594581801,0.7801482998565674,4.612105380193153,24,11,3,0
15.72499999999982,0.16115459600750637,-0.0029230283760455222,-0.16112808482525764,-0.24604302244883153,0.5731302710355279,0.5988924708811151,0.5114025543147224,24,11,3,0
15.74199999999982,0.1617820491974912,-0.0027391765411266533,-0.16175885865823858,-0.24604302244883153,0.7605719211611676,0.7802124881353522,4.612102905685734,24,11,3,0
15.75899999999982,0.21085094271941418,0.004382127574444894,-0.21080540079321253,-1.333416539524369,0.5731242879444611,0.5989855120344338,0.5113296147419353,24,11,3,0
15.775999999999819,0.2142939949224018,0.005368214953591632,-0.21422674559450883,-1.3334165395243722,0.7605676768585272,0.780284545051583,4.61209481851656,24,11,3,0
15.792999999999818,0.20900126737975883,-0.17016251833020135,-0.1213517495624572,-2.3028428625036526,0.5730764744415023,0.5990328957384147,0.5110816998836855,24,11,3,0
15.809999999999818,0.211508768154821,-0.16819063748955898,-0.1282492435347109,-2.3028428625036526,0.76053116848654,0.7803280520579778,4.6120673394944225,24,11,3,0
15.826999999999817,0.1716571508638947,0.012538566861209688,-0.17119860333477277,-2.227594903591235,0.5730914181775759,0.5991587928443293,0.5113284490738259,24,11,3,0
15.843999999999816,0.17844700833454297,0.014491304665455118,-0.17785763090922302,-2.227594903591235,0.7605421924135981,0.7804254628248023,4.612094689282452,24,12,3,0
15.860999999999816,0.1775014293260757,-0.1268296945701195,-0.12418126262866735,1.1390755717527201,0.5730363904252013,0.5992442965576112,0.5109490411944114,25,12,3,0
15.877999999999815,0.17618804943644467,-0.12778830998873048,-0.12129458600631438,1.1390755717527168,0.760500603661019,0.7804838769392908,4.6120526409368585,25,12,3,0
15.894999999999815,0.3288088754425596,-0.31430262265085673,-0.09658746277128216,-1.779950681960992,0.5672451505825626,0.588815853306569,0.50622075748532,25,12,3,0
15.911999999999814,0.3288296933090263,-0.31289352812304116,-0.1011266891598055,-1.779950681960992,0.7561399891810059,0.7725015202550479,4.611531209412354,25,12,3,0
15.928999999999814,0.12494048892103467,-0.10192563581242098,-0.07225849801968565,-0.2923220206662806,0.5647458594746454,0.5888490849038958,0.4943155135699496,25,12,3,0
15.945999999999813,0.12517118046870232,-0.10168032966217311,-0.07299955465425967,-0.2923220206662806,0.7542718938209784,0.77252580063504,4.610239523824232,25,12,3,0
15.962999999999813,0.10725609706480432,-0.03897699636340235,-0.09992329113906351,-1.0161524353371347,0.5644070015932383,0.5888665693376601,0.49228571413523425,25,12,3,0
15.979999999999812,0.10935877058847095,-0.038122744994069535,-0.10249876593763929,-1.0161524353371347,0.7540193203793412,0.7725419543422959,4.610022327973781,25,12,3,0
15.996999999999812,0.17331198459049793,-0.11885126444963134,-0.12614048097823627,-0.6813874396443587,0.5643041085534368,0.5889295988099225,0.49169910310682646,25,12,3,0
16.01399999999981,0.1741680851279548,-0.11826181976283578,-0.12786189371161782,-0.6813874396443587,0.7539423238981302,0.7725905762183592,4.60995972304219,25,12,3,0
16.03099999999981,0.20392307673350424,-0.06299924796134349,-0.1939477145541133,-0.7548858664644388,0.564285214792794,0.5889682191905894,0.49183284045370274,25,12,3,0
16.04799999999981,0.20553160612736598,-0.06233501354867599,-0.19585093107560425,-0.7548858664644388,0.7539281089673625,0.7726202896765579,4.6099739894086085,25,12,3,0
16.06499999999981,0.1575659847861638,-0.0760374476000294,-0.13800487717507082,-0.3575409100040806,0.5642155273323407,0.5890705395409134,0.49155055674788195,25,12,3,0
16.08199999999981,0.15830401475560246,-0.07566010630704056,-0.1390529014488706,-0.3575409100040806,0.7538748006459222,0.772705381872905,4.609943881427877,25,12,3,0
16.09899999999981,0.1969930308273099,-0.1237188504701976,-0.1532967717626903,-1.9359563710186838,0.564175013431105,0.58914497084108,0.49142105568228095,25,12,3,0
16.115999999999808,0.19975995539032956,-0.1220045896238986,-0.15817370163289013,-1.9359563710186807,0.7538460994756159,0.7727563181056402,4.6099300747455,25,12,3,0
16.132999999999807,0.16121931242289092,0.01688843277320018,-0.1603323034718045,-2.043057591389664,0.5641319492099934,0.5892370551112249,0.4913228348994351,25,12,3,0
16.149999999999807,0.16652569540359072,0.018723717383565486,-0.16546972423071793,-2.043057591389661,0.7538138930581413,0.7728270735081945,4.609919605391051,25,11,3,0
16.166999999999806,0.15934289322571638,0.0037089070509068733,-0.15929972263010939,-0.5555205498153112,0.5643043858249516,0.5895597772146216,0.5088623933784716,25,11,3,0
16.183999999999806,0.16074281002777122,0.004234204037501854,-0.16068703274313378,-0.5555205498153112,0.7539422311766069,0.7730714061323816,4.611821936661261,25,11,3,0
16.200999999999805,0.18586612288073312,-0.04231669865804122,-0.18098484093813028,-0.7201251372121642,0.5642510090988532,0.5896055984375852,0.5087711506338221,25,11,3,0
16.217999999999805,0.1874600015495724,-0.041626828985897646,-0.18277981094624351,-0.7201251372121642,0.7539023853530884,0.7731065591783822,4.611811869947909,25,11,3,0
16.234999999999804,0.226863969558912,-0.0017498072731996217,-0.22685722130567854,-0.3050017546448987,0.5642211834902632,0.5897390359030869,0.5085528788124742,25,11,3,0
16.251999999999803,0.2276189677808114,-0.001449638178968371,-0.22761435157465826,-0.3050017546448987,0.7538799306028624,0.7732085709570106,4.611787795489252,25,11,3,0
16.268999999999803,0.24968172242290299,-0.04080518560353141,-0.24632478425836268,-0.7511997503161562,0.564193811862644,0.5898171147977372,0.5084693127530776,25,11,3,0
16.285999999999802,0.2513998217393899,-0.04006066689915144,-0.24818745604520842,-0.7511997503161594,0.753859568458504,0.7732684664686625,4.611778581207769,25,11,3,0
16.302999999999802,0.25031481021674046,-0.003860068197653277,-0.25028504567263354,-0.4689814968374938,0.5201611440952917,0.543880612372518,0.46884915173461705,25,11,4,0
16.3199999999998,0.2516585418471022,-0.003305636807652945,-0.25163683047182417,-0.46898149683749063,0.7214963859420883,0.7388275874660506,4.607578557893228,25,11,4,0
16.3369999999998,0.26010148831717794,0.022000679544461832,-0.2591693545240119,0.40241019589028726,0.5642039686703129,0.5899842371965648,0.5086834955225968,25,11,4,0
16.3539999999998,0.2589111575001247,0.021508826871468045,-0.258016196864979,0.40241019589028726,0.7538653519635933,0.773402918844718,4.611802200733705,25,12,4,0
16.3709999999998,0.22361830544160885,-0.10768052141241924,-0.19598482552719787,-0.06111862277651709,0.5641806506922052,0.5900510015849479,0.50857856590753,26,12,4,0
16.3879999999998,0.2237188050670099,-0.10761616824903797,-0.19613481096430974,-0.061118622776520276,0.7538492620697491,0.7734474165932248,4.611790628137374,26,12,4,0
16.4049999999998,0.23971062146517066,-0.14726573921288377,-0.18914011763055782,-1.8077742880853884,0.5586459866095586,0.5801054219078023,0.5038363631004988,26,12,4,0
16.421999999999798,0.2421168980069483,-0.1454033137867583,-0.19359356559642293,-1.8077742880853884,0.7497072228317574,0.7658851190816486,4.61127007676383,26,12,4,0
16.438999999999798,0.25749592749520134,-0.16132987770022567,-0.20069086485897714,-0.4873463288290501,0.5574186847371996,0.5800959970435652,0.4984136218904542,26,12,4,0
16.455999999999797,0.25809969575519354,-0.16080696700286978,-0.20188257060048898,-0.4873463288290501,0.7487958789578324,0.7658775464650431,4.6106807283264715,26,12,4,0
16.472999999999796,0.24509006135588085,-0.049180648132121974,-0.24010498125764457,-1.358114455080805,0.5568036249360767,0.5802239596379986,0.49548617136368656,26,12,4,0
16.489999999999796,0.24806098708605004,-0.04772524829061808,-0.2434266912023091,-1.358114455080805,0.7483403674205755,0.7659762910200496,4.610365190100216,26,12,4,0
16.506999999999795,0.238202378685287,-0.0339967080753496,-0.2357638586623665,0.11670072380100487,0.556345483937216,0.5803310308240128,0.49346091167942097,26,12,4,0
16.523999999999795,0.23794107078508406,-0.0341273767463548,-0.23548094471265557,0.11670072380100487,0.7480002999925691,0.7660576826396286,4.6101479706654365,26,12,4,0
16.540999999999794,0.2190493818306448,0.003397672843036048,-0.21902302961022002,-0.24554067663749898,0.5560817803009597,0.5804591224409837,0.49195884523357486,26,12,4,0
16.557999999999794,0.21964806109251395,0.0036746829542124715,-0.21961732046194982,-0.2455406766374958,0.7478051691997608,0.7661549672895596,4.609987434416575,26,12,4,0
16.574999999999793,0.30989620326424533,0.09325665560476182,-0.2955314754522931,-0.21027631885769948,0.5559092486373493,0.5805933082071378,0.4911692242800495,26,12,4,0
16.591999999999793,0.3105451490524844,0.09353743952456739,-0.29612334762260417,-0.21027631885769948,0.7476758932098505,0.7662636740198006,4.609903236181322,26,12,4,0
16.608999999999792,0.31604103505646663,0.03636216343059573,-0.3139422381748105,0.554429124308199,0.5558301657825151,0.5807119660937907,0.49075607811176974,26,12,4,0
16.62599999999979,0.31464597472761957,0.03571027363528856,-0.31261296481302026,0.5544291243081958,0.747618537985299,0.7663466981117905,4.6098592351913315,26,12,4,0
16.64299999999979,0.31512216777654595,0.12965494247241338,-0.28721346855024876,0.19768282456124509,0.5558196973499293,0.5807603102951845,0.49078353028993066,26,12,4,0
16.65999999999979,0.3145946080882758,0.12942106372123874,-0.2867402233790699,0.19768282456124509,0.7476107923117605,0.7663835391772474,4.609862157774244,26,12,4,0
16.67699999999979,0.21740442124821477,0.024720590058407765,-0.21599438605073829,-1.3277020360245115,0.5557485353589942,0.5808505105973928,0.49059498061010287,26,12,4,0
16.69399999999979,0.22075261436613244,0.026268093142263638,-0.21918417833445858,-1.3277020360245146,0.7475585271083097,0.7664526661356778,4.609842087867543,26,12,4,0
16.71099999999979,0.2728983016638572,-0.0566103755127898,-0.2669620730278339,-0.8135140079103598,0.5557186612406138,0.5809208338510529,0.49050801199763266,26,12,4,0
16.72799999999979,0.2746021331285696,-0.05564072247912577,-0.2689060087107791,-0.8135140079103598,0.747536167973407,0.7665059147333382,4.609832833184847,26,12,4,0
16.744999999999788,0.3295371542617823,0.12761342601373826,-0.30382486655965124,-1.0609401841468862,0.5557031996308578,0.5810616189673303,0.49043997588081234,26,12,4,0
16.761999999999787,0.3323633445949822,0.12889021517418087,-0.30635388893029614,-1.0609401841468862,0.7475246854572369,0.7666130312771334,4.60982559431668,26,12,4,0
16.778999999999787,0.27462151670202717,0.014031113983534738,-0.27426283976525667,0.18405684219567284,0.5556939377323438,0.5811218854847949,0.49044357453019594,26,12,4,0
16.795999999999786,0.2741756768945695,0.013801897330566248,-0.2738280654547154,0.18405684219567284,0.7475174028503955,0.7666583604795314,4.609825977178869,26,12,4,0
16.812999999999786,0.2970341670049146,0.05509945698445051,-0.2918789924066516,-1.0511862841016473,0.5556842192350611,0.5811715536002104,0.49054706387853536,26,12,4,0
16.829999999999785,0.3001695957258486,0.056614592496586624,-0.29478224864239166,-1.0511862841016408,0.7475090414632447,0.766703669455767,4.609836988653179,26,12,4,0
16.846999999999785,0.3669003368769366,0.1755328344483189,-0.32218640758254935,-1.90719499905247,0.5556658714494731,0.5813538092211752,0.49041688308714243,26,12,4,0
16.863999999999784,0.37284071659227824,0.1782761656373424,-0.32745657531143024,-1.90719499905247,0.7474957021395268,0.7668427005689029,4.609823137528387,26,12,4,0
16.880999999999784,0.29147644833162417,-0.0031262619406362546,-0.29145968232037944,-0.9048922910852742,0.5556247790217106,0.581408714351332,0.4903625680644414,26,12,4,0
16.897999999999783,0.2935927108469282,-0.0019784954955071044,-0.29358604431754287,-0.9048922910852742,0.7474663366193571,0.7668768638406271,4.60981735953106,26,12,4,0
16.914999999999782,0.33318255513573897,0.007503974391994461,-0.3330980417461262,-1.8886428939559878,0.5555928685958147,0.5815048343200728,0.4902829438990581,26,12,4,0
16.931999999999782,0.33768663868516463,0.009888467100680032,-0.3375418258007201,-1.8886428939559878,0.7474429204519689,0.7669502735405664,4.609808890307003,26,12,4,0
16.94899999999978,0.4144301244742245,0.13467408624136112,-0.39193777384525674,-0.6477410562978883,0.555582492209474,0.5816929111847218,0.49011035816477366,26,12,4,0
16.96599999999978,0.41613250427578535,0.13551738319192452,-0.39344796348138544,-0.6477410562978883,0.7474348729113123,0.7670927108793898,4.609790537893838,26,12,4,0
16.98299999999978,0.37549085644552804,0.050481970556859324,-0.3720819182960824,-0.09713750048883038,0.5555728604759642,0.5817585025824451,0.4901750623820217,26,12,4,0
16.99999999999978,0.37573114272813696,0.05061112334023221,-0.3723068704845929,-0.09713750048883038,0.7474275279073179,0.7671423430653104,4.609797417659087,26,12,4,0
17.01699999999978,0.38764104981566655,0.0531770545696304,-0.3839762809985672,0.09466338644676113,0.5555664033234853,0.5818499408655391,0.4902026260885401,26,12,4,0
17.03399999999978,0.3874074654007121,0.05304931644091937,-0.3837581455465866,0.09466338644676113,0.7474226262873339,0.7672117603792018,4.609800348680978,26,12,4,0
17.050999999999778,0.342049196979477,0.05851719104268227,-0.33700651552570804,-1.0418410990068963,0.5555518492271682,0.5819157715452586,0.4903460413247938,26,12,4,0
17.067999999999778,0.3446594947922952,0.05991530116459387,-0.3394117323205492,-1.0418410990068963,0.7474120594207267,0.7672623897832143,4.609815601552633,26,12,4,0
17.084999999999777,0.32021827115697094,-0.06859470736844742,-0.31278508165159735,-2.6848729514437046,0.5555171105515151,0.5819752919461184,0.49023254004716815,26,12,4,0
17.101999999999776,0.3264730833750823,-0.06444822806193429,-0.3200485901673531,-2.684872951443698,0.7473854618989673,0.7673155816873084,4.609803529804308,26,12,4,0
17.118999999999776,0.3444677979823944,0.1102487705866082,-0.3263483911879774,-1.0045647697835438,0.555510232179192,0.5821850626972304,0.4902007411246648,26,12,4,0
17.135999999999775,0.3470896110458361,0.11162734863451362,-0.32864955976355503,-1.0045647697835438,0.7473811868074856,0.7674669958286672,4.609800148235749,26,12,4,0
17.152999999999775,0.4389315198507144,0.15113057003786423,-0.41209274431672327,-1.8287812864366286,0.5555076756453411,0.5823068174282914,0.49005800263311233,26,12,4,0
17.169999999999774,0.4437303809575129,0.1536360204672036,-0.4162843069342159,-1.8287812864366224,0.7473795254190543,0.7675597957216882,4.609784971776874,26,12,4,0
17.186999999999774,0.35322382051097767,0.026844463915992378,-0.3522022744580653,-1.2731618962990263,0.555462404552176,0.582362604762096,0.4901654291404338,26,12,4,0
17.203999999999773,0.356252758013385,0.028620427729904918,-0.35510125134769766,-1.2731618962990263,0.7473458613011925,0.7676020399736025,4.609796393334481,26,12,4,0
17.220999999999773,0.4325764601843608,0.12180944882298661,-0.41507210467950273,-0.01780535343874086,0.5554535147930681,0.5825551753332394,0.4900289678159841,26,12,4,0
17.237999999999772,0.4326221330180917,0.12183499197629999,-0.41511220736959586,-0.01780535343874086,0.7473389503304524,0.7677477625576692,4.609781885227756,26,12,4,0
17.25499999999977,0.3506313455303041,-0.014300543891565098,-0.3503395994071994,-0.7914145932834965,0.5556844041092968,0.5826752798876138,0.5103305260196958,27,12,4,0
17.27199999999977,0.352367801381105,-0.013164764034144127,-0.3521217920522375,-0.7914145932834965,0.7475085003428242,0.7678378780673045,4.611984159324781,27,12,4,0
17.28899999999977,0.314035363555662,-0.07283517835567466,-0.3054721695301126,-1.492261667171806,0.5503271002834157,0.5731184175768607,0.5048612639970012,27,12,4,0
17.30599999999977,0.31681839931948635,-0.07069134375979047,-0.3088310736710227,-1.492261667171806,0.743522214184562,0.7606044428953214,4.611382171969681,27,12,4,0
17.32299999999977,0.34390737935704735,0.03279156850089748,-0.3423404717696741,-0.5494755368210754,0.5484360760825049,0.5731167633593429,0.4957709260987977,27,12,4,0
17.33999999999977,0.34542079845901796,0.03373385600058043,-0.34376962484692797,-0.5494755368210754,0.7421289050874657,0.7606099972242149,4.61039580201527,27,12,4,0
17.35699999999977,0.3156445950231482,-0.04347983102746866,-0.3126355940406498,0.013439191945428948,0.5482247178112283,0.573181121536603,0.4947532325543923,27,12,4,0
17.373999999999768,0.3156134650427157,-0.043503272779645386,-0.3126009030276933,0.013439191945428948,0.7419734402429562,0.7606599025232473,4.610286477128963,27,12,4,0
17.390999999999767,0.2954363050006376,0.04488135823862649,-0.29200731839302563,-0.8367082389635622,0.5480776404492909,0.5732459916584237,0.49439202391329495,27,12,4,0
17.407999999999767,0.297458727871861,0.0461302026925523,-0.29385999929675677,-0.8367082389635558,0.7418679684022608,0.7607032953808066,4.610247727984284,27,12,4,0
17.424999999999766,0.37297734568485663,-0.09505145635034751,-0.3606623365972652,-1.9916350316849136,0.5479410753274477,0.5732365184662391,0.49390842303599,27,12,4,0
17.441999999999766,0.3765208773775841,-0.09209640089036952,-0.3650838589204213,-1.9916350316849136,0.741767985906937,0.7606969071118089,4.610195892846752,27,12,4,0
17.458999999999765,0.3772226525887704,-0.10370706552484421,-0.3626868817400677,0.3629602359455585,0.5478846500182729,0.573322170755311,0.4937567178301188,27,12,4,0
17.475999999999765,0.3766165163238052,-0.10426679951706319,-0.36189561324551534,0.3629602359455585,0.7417255900171881,0.7607608591552413,4.610179642538621,27,12,4,0
17.492999999999764,0.34980689145589405,-0.13609529384930852,-0.32224669478848966,-2.8461078750401345,0.5477992452106668,0.5733827796561303,0.49350502305920824,27,12,4,0
17.509999999999764,0.35400614218310844,-0.13183734235025213,-0.32854111442160416,-2.8461078750401345,0.7416638309883787,0.7608081952222541,4.610152692466903,27,12,4,0
17.526999999999763,0.3770543205195304,0.08852966681584462,-0.3665139270422344,-0.2525875621677701,0.5477381364463861,0.5735417782948345,0.49342824542493074,27,12,4,0
17.543999999999762,0.3776789533186952,0.08892391665884247,-0.3670612058307938,-0.2525875621677701,0.7416179659553112,0.7609272203527028,4.610144474250052,27,12,4,0
17.560999999999762,0.30038061552003514,-0.08246711447134203,-0.2888385175335273,0.26926077362603706,0.5476453254393946,0.5736004613768849,0.49308550253365024,27,12,4,0
17.57799999999976,0.2999419248814373,-0.08289392206009438,-0.2882598757841208,0.26926077362603706,0.7415496396247097,0.7609713718913358,4.610107802739978,27,12,4,0
17.59499999999976,0.302100122723366,-0.019821977154407477,-0.3014491223592515,0.12522361791597142,0.5475796044665493,0.5736795940123245,0.4930077010682926,27,12,4,0
17.61199999999976,0.30180346773734607,-0.020055196553357746,-0.3011363847652646,0.12522361791596506,0.7414992788601908,0.7610379526211332,4.6100994819404715,27,12,4,0
17.62899999999976,0.3602488795544887,0.0276319139153145,-0.3591876007793715,-0.806288974391251,0.5475323957025571,0.5738065770930236,0.4928890694361173,27,12,4,0
17.64599999999976,0.36207236429038875,0.02891595083468701,-0.3609158693797738,-0.806288974391251,0.7414668822364782,0.7611276852137404,4.610086796888401,27,12,4,0
17.66299999999976,0.3280663801869195,-0.10877848966305237,-0.30950733431628663,-0.6103802496328266,0.5474654843926446,0.5737879213543514,0.49257022091942676,27,12,4,0
17.679999999999758,0.32897050325435906,-0.10779613010004141,-0.3108079573416376,-0.6103802496328266,0.7414177154340643,0.7611131908074673,4.61005271798618,27,12,4,0
17.696999999999758,0.415045714134602,-0.06575712309097526,-0.409803545109483,-1.4071832775960402,0.5474401513239943,0.5739076342946052,0.4926299997796395,27,12,4,0
17.713999999999757,0.41765874333417563,-0.06349518360073603,-0.4128040546590981,-1.4071832775960338,0.7413992325532759,0.7612042463323836,4.6100591055601505,27,12,4,0
17.730999999999757,0.3640927503499246,-0.0926471350205702,-0.35210799370342727,0.6756702104358464,0.5473783129387745,0.5739459829917372,0.4924354484892494,27,12,4,0
17.747999999999756,0.3630140047659107,-0.09376849143035315,-0.3506945076146195,0.6756702104358464,0.7413532801448032,0.7612319620255625,4.610038319906243,27,12,4,0
17.764999999999755,0.365165983156623,0.0009775460761431987,-0.36516467471322045,-0.15770119594735457,0.5473421501772425,0.5740641020932361,0.4924253007371378,27,12,4,0
17.781999999999755,0.3654967633190094,0.0012391721111271181,-0.3654946626821669,-0.15770119594735457,0.7413268746688726,0.761321672284893,4.610037235953873,27,12,4,0
17.798999999999754,0.31435926284439186,-0.04206598689478369,-0.31153201903277505,-1.033936324179356,0.5472972058255847,0.5741159370337241,0.49226501242778137,27,12,4,0
17.815999999999754,0.3162817351439483,-0.040352607126123985,-0.3136969924685147,-1.033936324179356,0.7412940944387139,0.7613611842234371,4.610020117367784,27,12,4,0
17.832999999999753,0.3508263064711047,-0.167701185969662,-0.3081483563748577,-1.661412087596811,0.5472429482721881,0.5741119620692077,0.49208433962297987,27,12,4,0
17.849999999999753,0.35288266487160735,-0.16448471566380363,-0.31220338479889165,-1.6614120875968172,0.7412526459165337,0.7613652157077787,4.610000828348879,27,12,4,0
17.866999999999752,0.3555987148986468,-0.061950286621566875,-0.35016083165464806,-0.5633652788040658,0.5472262148859356,0.5742102768817465,0.4920116332329569,27,12,4,0
17.88399999999975,0.3567440676684211,-0.06083774494280192,-0.35151827634830823,-0.5633652788040658,0.7412399984878177,0.7614386558309572,4.609993068032936,27,12,4,0
17.90099999999975,0.3473600380077643,-0.02998582009027473,-0.3460633563356126,0.8449572474503475,0.5471636583577157,0.5742747928249436,0.4917870399772089,27,12,4,0
17.91799999999975,0.3457781488843216,-0.03144818452270215,-0.3443450884448538,0.8449572474503475,0.7411956904636968,0.7614795905335282,4.609969103233199,27,13,4,0
17.93499999999975,0.3507998378220206,-0.07204716442649328,-0.343321616438665,-0.5481039127099125,0.5471143518800323,0.5742934922427937,0.49153823398116314,28,13,4,0
17.95199999999975,0.3517047429205237,-0.07110533140502184,-0.34444195162403446,-0.5481039127099125,0.7411598893654789,0.7614942599636465,4.609942567488286,28,12,4,0
17.96899999999975,0.40568916049849707,-0.18440079321541702,-0.36135860638360384,-1.545550925380621,0.5421050096711628,0.5655704094993816,0.5047480534245964,28,12,4,0
17.98599999999975,0.4073241004857964,-0.18175382018506525,-0.36452499459529264,-1.5455509253806274,0.7374546763831425,0.7549405882533995,4.611369778873852,28,12,4,0
18.002999999999748,0.42607535166589144,-0.09435532560897286,-0.4154964233617875,-0.11149176090559519,0.5410014750270529,0.5652826384938153,0.498317442378052,28,12,4,0
18.019999999999747,0.42625121501853047,-0.09415994170845465,-0.4157210647564469,-0.11149176090559519,0.7366494692258607,0.7547203980104639,4.610670332332748,28,12,4,0
18.036999999999747,0.40524077652892215,-0.1247070770387495,-0.38557519616569635,-0.08594749097625828,0.5404278845347988,0.5654272981563434,0.49555878473308235,28,12,4,0
18.053999999999746,0.4053578498112932,-0.12455523736193186,-0.3857472997304683,-0.08594749097625828,0.736231319465332,0.7548287262291259,4.610372994585285,28,12,4,0
18.070999999999746,0.3287713727755589,0.024656824895401996,-0.32784547662397756,-1.0665903298571193,0.5401541366785693,0.5654727752547968,0.49436814267445794,28,12,4,0
18.087999999999745,0.33105011902570697,0.026537026482742476,-0.3299847989413891,-1.0665903298571193,0.7360321303155626,0.7548631347983895,4.610245167078054,28,12,4,0
18.104999999999745,0.3860012999022702,-0.11378969272959694,-0.36884808438535543,0.027649630173001944,0.5399436636420153,0.5655129636556506,0.4933689823488335,28,12,4,0
18.121999999999744,0.38595742478299394,-0.11384758723804111,-0.3687843009473113,0.027649630173001944,0.7358761061242977,0.7548987371663899,4.610138131641945,28,12,4,0
18.138999999999744,0.4303087747008563,-0.21977432330959346,-0.3699525488469604,-0.9261493655732996,0.5398101034425087,0.5655140899296713,0.4927543903040371,28,12,4,0
18.155999999999743,0.4310454738475829,-0.21811583784747768,-0.37178714583021844,-0.9261493655732996,0.7357814892699809,0.7548933218180173,4.610072399565875,28,12,4,0
18.172999999999742,0.37692739495265626,-0.12028736134618612,-0.357218716987461,-1.503635554032625,0.5398188807211789,0.5655089864694707,0.4927982712509183,28,12,4,0
18.189999999999742,0.3789031559132247,-0.11759146947849786,-0.36019418077876963,-1.503635554032625,0.7357879781495749,0.75488957464455,4.61007709005208,28,12,4,0
18.20699999999974,0.4225315959303219,-0.06100266666999232,-0.41810480052084387,-0.3377190858429662,0.5397142021126587,0.5655527620319151,0.49236017579510644,28,12,4,0
18.22399999999974,0.4230947477716803,-0.0603864201420663,-0.4187632336468994,-0.3377190858429662,0.7357114487954219,0.7549215170110866,4.6100302800289885,28,12,4,0
18.24099999999974,0.3854159901384193,-0.0016627582318164968,-0.38541240339335303,-0.325494392371742,0.5396131599717631,0.5656757306356116,0.4919219406568369,28,12,4,0
18.25799999999974,0.38604454364845064,-0.0010646500226414446,-0.386043075577156,-0.325494392371742,0.7356378567076579,0.7550136342966587,4.609983496258392,28,12,4,0
18.27499999999974,0.4147043047623988,-0.19364000848111118,-0.36671952157459486,0.00251161324754322,0.5395797449031098,0.5655854487206079,0.49194673398565864,28,12,4,0
18.29199999999974,0.41470221873825297,-0.19364467109420502,-0.36671470052787214,0.00251161324754322,0.7356134028099661,0.7549454438337109,4.609986141969878,28,12,4,0
18.308999999999738,0.3664377455982412,-0.10722772817914006,-0.35039811030977575,-0.6632459379830908,0.5394726566992372,0.5657570407157508,0.4913767059778472,28,12,4,0
18.325999999999738,0.36729667046009185,-0.10599530140478919,-0.3516700729535813,-0.6632459379830973,0.7355356822549103,0.7550744030405757,4.609925347253771,28,12,4,0
18.342999999999737,0.4417479066960152,-0.1663822827725312,-0.409216506326068,-1.8664009357592877,0.539471152642777,0.5657349533074805,0.49150048610918257,28,12,4,0
18.359999999999737,0.44414507075159226,-0.1623528943064514,-0.4134082505021581,-1.8664009357592812,0.7355328555777196,0.7550649108149807,4.609938542748778,28,12,4,0
18.376999999999736,0.43562203067279526,-0.06754631153944501,-0.4303534005964238,0.7737205616046159,0.5393916773324307,0.565958066977057,0.4910192795872946,28,12,4,0
18.393999999999735,0.43422580196534005,-0.06926713066593493,-0.42866550094654343,0.7737205616046159,0.7354745576107935,0.7552301798599244,4.609887262504539,28,12,4,0
18.410999999999735,0.4323485838040795,-0.1273597733702161,-0.4131643571806265,-0.25902738951544335,0.5393872495676304,0.5659530500093679,0.49117285893825846,28,12,4,0
18.427999999999734,0.4326681375077446,-0.12686732765914144,-0.41365009172856304,-0.25902738951544335,0.7354733662413849,0.75522087159021,4.609903623442983,28,12,4,0
18.444999999999734,0.281808972373692,-0.10945321054083479,-0.25968498534304985,0.8348004453073588,0.539308623173694,0.5660043702199155,0.4909970534008075,28,12,4,0
18.461999999999733,0.2810229729452321,-0.11106449630372595,-0.2581445118219179,0.8348004453073651,0.7354160107213731,0.7552584978584357,4.609884895149058,28,12,4,0
18.478999999999733,0.3838931646381371,-0.1585808304737668,-0.34960846966590253,-0.24554868480688385,0.539271141142999,0.5660906731340656,0.49085097422260765,28,12,4,0
18.495999999999732,0.38411271400137653,-0.15810848328064253,-0.35006325795804116,-0.24554868480688385,0.7353889988320836,0.7553238521036325,4.609869338600656,28,12,4,0
18.51299999999973,0.3988099185665234,-0.054942478080391766,-0.39500718379470356,-1.0543463110301392,0.5392512559836685,0.5661855304113476,0.49071585326038797,28,12,4,0
18.52999999999973,0.4004712368576233,-0.052914417353690624,-0.3969600433121627,-1.0543463110301392,0.7353746897660276,0.7553953885767489,4.609854953110372,28,12,4,0
18.54699999999973,0.4406676218274837,-0.1884250643244627,-0.3983515382942713,-1.4600198867399081,0.5392159360622427,0.5662263320511149,0.4905360945130082,28,12,4,0
18.56399999999973,0.4419147414062624,-0.1856078992774428,-0.4010465638775358,-1.4600198867399081,0.735349114164059,0.755426006554555,4.6098358213818456,28,12,4,0
18.58099999999973,0.37187751962663934,-0.08664509286120392,-0.36164280372590696,-0.29012723229730786,0.5391831058736893,0.5663373283166925,0.490526396312219,28,12,4,0
18.59799999999973,0.3722572005045887,-0.08607633727473285,-0.3621688659850264,-0.29012723229730786,0.7353250490182087,0.7555084578455015,4.609834789399097,28,12,4,0
18.61499999999973,0.4256826868522218,-0.0035239452278972294,-0.42566810039719627,-0.3899045818127963,0.5391448921981926,0.566471641420887,0.4903465612029131,28,12,4,0
18.631999999999728,0.42649603617708526,-0.002627628407424254,-0.4264879417330789,-0.3899045818127963,0.7352957903584612,0.7556153478668761,4.609815656852092,28,12,4,0
18.648999999999727,0.39331528761164014,-0.11155615710657685,-0.37716327933753035,-1.1584943322749173,0.5391245421794703,0.566509591028957,0.4904049392219278,28,12,4,0
18.665999999999727,0.3946810674169201,-0.1092744242884578,-0.37925221841643264,-1.1584943322749173,0.7352827258476965,0.7556381040539886,4.609821866893386,28,12,4,0
18.682999999999726,0.38792882440375875,-0.07236438641285758,-0.3811196247667823,-1.9213410242995,0.5391040848084779,0.5665853810172704,0.49024540138115186,28,12,4,0
18.699999999999726,0.39065324848967375,-0.06858219356990958,-0.38458606745522417,-1.9213410242995,0.7352680731045254,0.7556953180078048,4.609804897568933,28,12,4,0
18.716999999999725,0.4486136902966422,-0.1087375878840362,-0.43523600506246396,-0.8733228584083467,0.5390816324302846,0.5666961236909173,0.49022137957531947,28,12,4,0
18.733999999999725,0.4496993632939711,-0.10699478831330111,-0.4367855682377737,-0.8733228584083467,0.7352516194588674,0.7557776269363299,4.609802342950063,28,12,4,0
18.750999999999724,0.4103768587236629,-0.04926141735771239,-0.4074094733015059,-2.289453534341778,0.5390591072689996,0.5667778739626735,0.4901813800815342,28,12,4,0
18.767999999999724,0.4139210372591476,-0.04471701100121095,-0.41149849819021966,-2.2894535343417712,0.7352355218579357,0.755839872975647,4.609798089445329,28,12,4,0
18.784999999999723,0.4782054311638712,-0.139071497530864,-0.4575363952399272,-0.8603483972921429,0.5390369800230291,0.566854944309673,0.49020875826569726,28,12,4,0
18.801999999999722,0.47914319617382867,-0.13733426014405836,-0.4590397623630835,-0.8603483972921429,0.735219281243871,0.7558965933230994,4.609801000776017,28,12,4,0
18.818999999999722,0.39066608718958573,-0.03544112667577792,-0.3890551608962056,0.2767046957849644,0.5390146316012245,0.5669586548926606,0.4901239358023017,28,12,4,0
18.83599999999972,0.3902457494061988,-0.03600780943799009,-0.3885809858820721,0.2767046957849644,0.7352030085841526,0.7559734353896236,4.6097919814804555,28,12,4,0
18.85299999999972,0.354856024368686,-0.03710433573286309,-0.35291084752465807,0.11094841293054404,0.5389904846080513,0.5670877321762032,0.4899249006481278,28,12,4,0
18.86999999999972,0.3546920254321189,-0.03733251051980346,-0.35272186856420973,0.11094841293054404,0.7351856895293857,0.7560702394675102,4.609770823842573,28,12,4,0
18.88699999999972,0.43271963434826416,0.04516811754828609,-0.43035580989181454,-0.8276467249707339,0.5389826569133368,0.567194982239839,0.48975742521981763,28,12,4,0
18.90399999999972,0.4345697270428962,0.047150812973967504,-0.43200422277800854,-0.8276467249707339,0.7351789665145521,0.7561573274302756,4.609753027617977,28,12,4,0
18.92099999999972,0.3996875613183575,-0.0975849685144965,-0.3875916931419461,-1.62163679988479,0.5389605582307603,0.567212238873179,0.48976435573791516,28,12,4,0
18.937999999999718,0.4015811419977725,-0.09425739833807256,-0.39036259614206514,-1.62163679988479,0.7351644026846847,0.7561646037004085,4.609753763947326,28,12,4,0
18.954999999999718,0.43358466540153223,-0.022290378458393434,-0.433011317519,-1.1374478701326571,0.5389334915193037,0.5673728947994057,0.4895487317614979,28,12,4,0
18.971999999999717,0.4353876473340859,-0.019936570561498,-0.4349309561359789,-1.1374478701326571,0.7351448343921941,0.7562846705348716,4.609730859914108,28,12,4,0
18.988999999999717,0.4845176282112303,-0.08599648906806578,-0.47682484825709537,-0.7116743724168765,0.538925035619634,0.5674119590790739,0.48948692641948915,28,12,4,0
19.005999999999716,0.48542519618008423,-0.08451234163712229,-0.4780118044541197,-0.7116743724168765,0.7351388567975141,0.7563134785477552,4.609724296659265,28,12,4,0
19.022999999999715,0.40763433016010026,0.07474921368967102,-0.40072222570984195,-0.598844134166614,0.5389029264251053,0.5675744136427019,0.48939840861747597,28,12,4,0
19.039999999999715,0.40883886094441446,0.07600533515346797,-0.4017118410584075,-0.598844134166614,0.7351230024916879,0.7564352623030473,4.609714898172389,28,12,4,0
19.056999999999714,0.4342829210851219,-0.005955216324053936,-0.43424208794721864,-1.7469269606336306,0.5389006665713514,0.5676069038187342,0.48941422123719525,28,12,4,0
19.073999999999714,0.43714677107691413,-0.0023004017995731374,-0.43714071832138046,-1.7469269606336306,0.7351215751898862,0.7564603662600712,4.60971657697351,28,12,4,0
19.090999999999713,0.43680866839054655,-0.05766173597689317,-0.43298607019770685,-0.2985438384101258,0.5388929988003535,0.5677005591451182,0.4893126468750958,28,12,4,0
19.107999999999713,0.4372045774020454,-0.0570277098366887,-0.4334693562549532,-0.2985438384101258,0.7351159593366203,0.7565293057960809,4.60970579391647,28,12,4,0
19.124999999999712,0.42677096410400134,-0.04609207364032386,-0.424274647545424,-1.2156808369485488,0.5388770772960663,0.5677519007191948,0.48936706976252836,28,12,4,0
19.14199999999971,0.42874557541650904,-0.04308374071743515,-0.4265753857467942,-1.2156808369485488,0.7351037282324694,0.7565744656953355,4.609711571133613,28,12,4,0
19.15899999999971,0.43047635711882787,-0.07351367406923259,-0.4241528424555696,-1.3349878670881916,0.5388753838434035,0.5678714605350568,0.4892641702101087,28,12,4,0
19.17599999999971,0.4321217725706528,-0.07067085561064346,-0.4263037139139918,-1.3349878670881916,0.7351036190205681,0.7566581619573989,4.609700648450672,28,12,4,0
19.19299999999971,0.4324957533311637,-0.031829024819472806,-0.43132295305088064,0.5270769144772186,0.5388664850911222,0.5679713892045058,0.4890921596523373,28,12,4,0
19.20999999999971,0.43175968298570433,-0.03297012241375796,-0.4304990068280503,0.5270769144772186,0.7350972734368787,0.7567314246871713,4.609682394776081,28,12,4,0
19.22699999999971,0.48990914865008456,-0.1305025943047724,-0.4722076310382697,-1.5152513031425738,0.5388579075397579,0.5680064837898616,0.48906849076025316,28,12,4,0
19.24399999999971,0.49137792619963777,-0.1272506547065575,-0.4746151464428934,-1.5152513031425803,0.7350914261857404,0.7567592689458332,4.609679883541771,28,12,4,0
19.260999999999708,0.4427537576277714,-0.003896803504943591,-0.4427366088499518,-2.2261488965864555,0.5388511094425394,0.5681342986823854,0.4890923839646888,28,12,4,0
19.277999999999707,0.44627647197294834,0.0008791134267198686,-0.44627560609583483,-2.2261488965864555,0.7350866005630718,0.7568557670134708,4.609682418575864,28,12,4,0
19.294999999999707,0.46564721655544494,0.019086897396533686,-0.4652558657702315,0.4578694837313623,0.5390373224762635,0.5682574606279086,0.5083923741402018,29,12,4,0
19.311999999999706,0.4649098323816817,0.018082933995970052,-0.4645580262391995,0.4578694837313623,0.7352207703683877,0.7569461804409942,4.611770099013944,29,12,4,0
19.328999999999706,0.42717581781819175,-0.00790968576495743,-0.42710258275938884,-2.013286941171077,0.5340885017609737,0.5594727792491634,0.502747081581715,29,12,4,0
19.345999999999705,0.4302508211072503,-0.0035415524618542804,-0.43023624495110013,-2.013286941171077,0.7315820057080373,0.7503749601087208,4.611151186863656,29,12,4,0
19.362999999999705,0.457579672604313,-0.06493349048380992,-0.4529490022003131,-0.21762866963135827,0.5327767535258494,0.559412296177682,0.4961954986704791,29,12,4,0
19.379999999999704,0.4578367977324594,-0.06445389711220173,-0.45327720933768845,-0.21762866963135827,0.7306334214973952,0.7503269321275987,4.610441477014539,29,12,4,0
19.396999999999704,0.5084551292481129,-0.06707382771645598,-0.5040116269434449,-1.2927134245291463,0.5324273453236296,0.5595224842184209,0.4946586506280584,29,12,4,0
19.413999999999703,0.5102949048891472,-0.06375731806440399,-0.5062962515652849,-1.2927134245291463,0.7303788596950378,0.7504157664486861,4.610276328021601,29,12,4,0
19.430999999999703,0.47978288032066757,-0.09531651035894129,-0.47021949672657115,-1.8260959968665265,0.532204586748639,0.5595915840659507,0.4936401228474294,29,12,4,0
19.447999999999702,0.48171033557603715,-0.09129679633608134,-0.47297964266926584,-1.8260959968665202,0.7302205742612025,0.750461942764259,4.610167156509619,29,12,4,0
19.4649999999997,0.48235127648600784,-0.12286933827098778,-0.4664395776952581,-1.5176449248771195,0.5320565224902023,0.5596480966398424,0.49298000592268887,29,12,4,0
19.4819999999997,0.4837004960035644,-0.1195087549071161,-0.4687044136069609,-1.5176449248771195,0.7301138299316227,0.7505037064400532,4.610096520281837,29,12,4,0
19.4989999999997,0.4368452652810111,-0.025029874050432,-0.43612760885256563,-1.1669356355667524,0.532261353353368,0.5598023796511659,0.5103793209105654,29,11,4,0
19.5159999999997,0.43842018832256674,-0.02243045049971215,-0.43784601907425724,-1.1669356355667524,0.7302630702960685,0.7506180633917575,4.611989558887606,29,11,4,0
19.5329999999997,0.38551333480275013,-0.0760342803638423,-0.37794089421533883,-1.0508411815850325,0.5321340248157268,0.5598837146958301,0.509725181744199,29,11,4,0
19.5499999999997,0.38655839502788314,-0.07368215811277423,-0.3794711218819913,-1.050841181585026,0.7301714480705626,0.7506784854047479,4.6119172153215535,29,11,4,0
19.566999999999698,0.5064927622798203,-0.08441349395093312,-0.49940893091817884,-1.0773859260529408,0.5320855289469713,0.5599082675584525,0.5094212917735431,29,11,4,0
